{"stats":{"minecraft:killed":{"minecraft:husk":1,"minecraft:zombie":10,"zombiemobs:zombie_chicken":1,"undead_revamp2:the_moonflower":2,"undead_revamp2:thesmoker":3,"zombie_extreme:runner":1},"minecraft:used":{"apocalypsenow:butterfly_knife":80,"minecraft:wooden_pickaxe":15,"minecraft:torch":3},"minecraft:broken":{"apocalypsenow:blue_football_armor_boots":1},"minecraft:mined":{"create:vertical_framed_glass":6,"minecraft:brewing_stand":1,"minecraft:spruce_leaves":2,"rocks:rock":1,"cfm:gray_picket_fence":1,"minecraft:wall_torch":1,"minecraft:spawner":4},"minecraft:killed_by":{"minecraft:player":1},"minecraft:custom":{"minecraft:time_since_rest":1724,"minecraft:interact_with_furnace":3,"lootr:looted_stat":5,"minecraft:sprint_one_cm":17356,"minecraft:damage_taken":776,"minecraft:walk_one_cm":295719,"minecraft:mob_kills":21,"minecraft:damage_dealt":2145,"minecraft:talked_to_villager":37,"minecraft:interact_with_crafting_table":1,"minecraft:fly_one_cm":10281,"minecraft:crouch_one_cm":1338,"minecraft:play_time":37378,"minecraft:deaths":2,"minecraft:sneak_time":272,"minecraft:trashcan_opened":1,"minecraft:jump":287,"minecraft:time_since_death":1580,"minecraft:walk_on_water_one_cm":32,"minecraft:sleep_in_bed":2,"minecraft:climb_one_cm":12558,"minecraft:total_world_time":37378,"minecraft:fall_one_cm":3738},"minecraft:picked_up":{"apocalypsenow:blue_football_armor_boots":1,"tac:round45":1,"minecraft:feather":2,"minecraft:iron_trapdoor":1,"minecraft:iron_door":1,"apocalypsenow:blue_football_armor_helmet":1,"minecraft:potato":1,"apocalypsenow:butterfly_knife":1,"minecraft:brewing_stand":1,"minecraft:string":34,"apocalypsenow:fire_figther_leggings":1,"minecraft:bone":40,"minecraft:rotten_flesh":24,"minecraft:stone_bricks":1,"apocalypsenow:human_flesh":2,"apocalypsenow:construction_boots":1,"apocalypsenow:money":1,"apocalypsenow:can":1,"create:framed_glass_door":1,"rocks:cobblestone_splitter":1,"cfm:gray_picket_fence":1}},"DataVersion":2975}