{"stats":{"minecraft:killed":{"zombiemobs:zombie_chicken":1,"undead_revamp2:thesmoker":2,"minecraft:husk":1},"minecraft:used":{"apocalypsenow:butterfly_knife":17,"minecraft:wooden_pickaxe":4},"minecraft:mined":{"rocks:rock":1},"minecraft:custom":{"minecraft:time_since_rest":11651,"minecraft:crouch_one_cm":706,"lootr:looted_stat":1,"minecraft:play_time":13378,"minecraft:sprint_one_cm":2565,"minecraft:damage_taken":199,"minecraft:walk_one_cm":116091,"minecraft:sneak_time":78,"minecraft:mob_kills":5,"minecraft:jump":96,"minecraft:damage_dealt":703,"minecraft:walk_on_water_one_cm":32,"minecraft:time_since_death":13378,"minecraft:sleep_in_bed":1,"minecraft:total_world_time":13378,"minecraft:climb_one_cm":457,"minecraft:talked_to_villager":2,"minecraft:fall_one_cm":1633,"minecraft:fly_one_cm":1913},"minecraft:picked_up":{"apocalypsenow:blue_football_armor_boots":1,"minecraft:feather":2,"minecraft:bone":6,"minecraft:rotten_flesh":9,"minecraft:stone_bricks":1,"apocalypsenow:blue_football_armor_helmet":1,"apocalypsenow:butterfly_knife":1,"apocalypsenow:can":1,"rocks:cobblestone_splitter":1,"minecraft:string":6}},"DataVersion":2975}