{"stats":{"minecraft:killed":{"zombie_extreme:crawler":1,"minecraft:husk":1,"minecraft:zombie":19,"zombiemobs:zombie_chicken":1,"undead_revamp2:the_moonflower":2,"undead_revamp2:thesmoker":3,"zombie_extreme:runner":3},"minecraft:used":{"apocalypsenow:hand_axe":1,"apocalypsenow:butterfly_knife":132,"minecraft:wooden_pickaxe":15,"minecraft:torch":3},"minecraft:dropped":{"cfm:gray_picket_fence":1,"apocalypsenow:can":1,"apocalypsenow:scalpel":1,"xpbook:xp_tome":1,"quark:limestone_slab":1},"minecraft:broken":{"apocalypsenow:blue_football_armor_boots":1},"minecraft:mined":{"create:vertical_framed_glass":6,"minecraft:brewing_stand":1,"minecraft:spruce_leaves":2,"rocks:rock":1,"cfm:gray_picket_fence":1,"minecraft:wall_torch":1,"minecraft:spawner":4},"minecraft:killed_by":{"minecraft:player":1},"minecraft:custom":{"minecraft:time_since_rest":9581,"minecraft:interact_with_furnace":4,"lootr:looted_stat":7,"minecraft:sprint_one_cm":22493,"minecraft:damage_taken":828,"minecraft:walk_one_cm":364894,"minecraft:mob_kills":32,"minecraft:drop":5,"minecraft:damage_dealt":3057,"minecraft:talked_to_villager":37,"minecraft:interact_with_crafting_table":3,"minecraft:fly_one_cm":13566,"minecraft:crouch_one_cm":1340,"minecraft:play_time":45235,"minecraft:deaths":2,"minecraft:sneak_time":339,"minecraft:trashcan_opened":1,"minecraft:jump":381,"minecraft:leave_game":1,"minecraft:time_since_death":9437,"minecraft:walk_on_water_one_cm":32,"minecraft:sleep_in_bed":2,"minecraft:climb_one_cm":13381,"minecraft:total_world_time":45235,"minecraft:fall_one_cm":4576},"minecraft:picked_up":{"apocalypsenow:blue_football_armor_boots":1,"tac:round45":3,"apocalypsenow:u_sarmy_chestplate":1,"minecraft:feather":2,"minecraft:iron_trapdoor":1,"minecraft:iron_door":1,"apocalypsenow:blue_football_armor_helmet":1,"minecraft:potato":1,"apocalypsenow:butterfly_knife":1,"minecraft:brewing_stand":1,"minecraft:string":40,"apocalypsenow:fire_figther_leggings":1,"quark:limestone_slab":1,"minecraft:bone":52,"minecraft:rotten_flesh":38,"apocalypsenow:construction_leggings":1,"minecraft:stone_bricks":1,"apocalypsenow:bayonet":1,"apocalypsenow:human_flesh":2,"apocalypsenow:construction_boots":1,"apocalypsenow:money":1,"minecraft:iron_ingot":1,"apocalypsenow:can":3,"tac:9mm_round":2,"create:framed_glass_door":1,"apocalypsenow:fire_figther_chestplate":1,"rocks:cobblestone_splitter":1,"apocalypsenow:hand_axe":1,"cfm:gray_picket_fence":1}},"DataVersion":2975}