{"stats":{"minecraft:killed":{"minecraft:husk":1,"minecraft:zombie":6,"zombiemobs:zombie_chicken":1,"undead_revamp2:the_moonflower":1,"undead_revamp2:thesmoker":2},"minecraft:used":{"apocalypsenow:butterfly_knife":44,"minecraft:wooden_pickaxe":4,"minecraft:torch":3},"minecraft:mined":{"rocks:rock":1,"cfm:gray_picket_fence":1,"minecraft:wall_torch":1},"minecraft:broken":{"apocalypsenow:blue_football_armor_boots":1},"minecraft:killed_by":{"minecraft:player":1},"minecraft:custom":{"minecraft:time_since_rest":4095,"lootr:looted_stat":3,"minecraft:sprint_one_cm":11420,"minecraft:damage_taken":443,"minecraft:walk_one_cm":216134,"minecraft:mob_kills":12,"minecraft:damage_dealt":1227,"minecraft:talked_to_villager":2,"minecraft:interact_with_crafting_table":1,"minecraft:fly_one_cm":7313,"minecraft:crouch_one_cm":1148,"minecraft:play_time":25378,"minecraft:deaths":1,"minecraft:sneak_time":150,"minecraft:trashcan_opened":1,"minecraft:jump":172,"minecraft:time_since_death":4030,"minecraft:walk_on_water_one_cm":32,"minecraft:sleep_in_bed":2,"minecraft:climb_one_cm":3580,"minecraft:total_world_time":25378,"minecraft:fall_one_cm":2324},"minecraft:picked_up":{"apocalypsenow:blue_football_armor_boots":1,"minecraft:feather":2,"minecraft:iron_door":1,"apocalypsenow:blue_football_armor_helmet":1,"minecraft:potato":1,"apocalypsenow:butterfly_knife":1,"minecraft:string":18,"apocalypsenow:fire_figther_leggings":1,"minecraft:bone":20,"minecraft:rotten_flesh":17,"minecraft:stone_bricks":1,"apocalypsenow:human_flesh":2,"apocalypsenow:money":1,"apocalypsenow:can":1,"create:framed_glass_door":1,"rocks:cobblestone_splitter":1,"cfm:gray_picket_fence":1}},"DataVersion":2975}