{"stats":{"minecraft:killed":{"minecraft:zombie":6},"minecraft:killed_by":{"minecraft:zombie":1},"minecraft:custom":{"minecraft:time_since_rest":3506,"lootr:looted_stat":2,"minecraft:sprint_one_cm":47358,"minecraft:damage_taken":320,"minecraft:walk_one_cm":75195,"minecraft:mob_kills":7,"minecraft:damage_dealt":1203,"minecraft:toilet_used":1,"minecraft:freezer_opened":1,"minecraft:fly_one_cm":14238,"minecraft:crouch_one_cm":937,"minecraft:play_time":13660,"minecraft:stove_opened":1,"minecraft:deaths":1,"minecraft:sneak_time":502,"minecraft:trashcan_opened":1,"minecraft:jump":127,"minecraft:interact_with_grindstone":1,"minecraft:leave_game":2,"minecraft:walk_on_water_one_cm":455,"minecraft:time_since_death":3408,"minecraft:total_world_time":13660,"minecraft:climb_one_cm":625,"minecraft:fall_one_cm":3088},"minecraft:mined":{"minecraft:dark_oak_planks":1,"farmersdelight:potato_crate":1,"farmersdelight:tomato_crate":1,"farmersdelight:cabbage_crate":1,"minecraft:grass_block":5,"minecraft:dirt":3,"farmersdelight:carrot_crate":1,"apocalypsenow:bear_trap":1,"minecraft:spruce_leaves":5,"minecraft:oak_leaves":2,"minecraft:fern":2,"minecraft:spawner":3},"minecraft:crafted":{"minecraft:air":36},"minecraft:picked_up":{"farmersdelight:potato_crate":1,"farmersdelight:cabbage_crate":1,"farmersdelight:carrot_crate":1,"minecraft:dirt":8,"minecraft:dark_oak_planks":1,"farmersdelight:tomato_crate":1,"minecraft:bone":10,"minecraft:rotten_flesh":6,"minecraft:wheat_seeds":1,"apocalypsenow:human_flesh":1,"apocalypsenow:bear_trap":1,"tac:9mm_round":1},"minecraft:used":{"minecraft:dark_oak_planks":1,"apocalypsenow:baseball_bat":4,"minecraft:wooden_pickaxe":5,"apocalypsenow:survival_axe":41,"minecraft:dirt":8}},"DataVersion":2975}