{"stats":{"minecraft:killed":{"minecraft:zombie":7,"undead_revamp2:thesmoker":2,"zombie_extreme:runner":1,"undead_revamp2:crackleball":1,"minecraft:cow":1},"minecraft:crafted":{"minecraft:stone_sword":1,"minecraft:golden_sword":1,"minecraft:air":21},"minecraft:dropped":{"minecraft:lilac":2,"minecraft:torch":1,"minecraft:glass_bottle":1,"minecraft:leather":2,"minecraft:smooth_stone":1,"minecraft:stone_brick_slab":2,"refinedstorage:4k_storage_part":1},"minecraft:used":{"createbigcannons:traffic_cone":1,"minecraft:stone_sword":6,"minecraft:glass_bottle":5,"minecraft:bread":1,"minecraft:wooden_pickaxe":25,"minecraft:torch":1,"minecraft:golden_sword":32,"minecraft:potion":6,"minecraft:crafting_table":1,"chalk:blue_chalk":5,"embellishcraft:smooth_basalt_slab":1},"minecraft:killed_by":{"zombie_extreme:infected_police":1},"minecraft:broken":{"minecraft:golden_sword":1},"minecraft:picked_up":{"tac:round45":1,"firstaid:plaster":1,"minecraft:stick":7,"artifacts:universal_attractor":1,"minecraft:lilac":2,"car:canister":1,"minecraft:leather":2,"minecraft:stone_brick_slab":2,"minecraft:torch":2,"minecraft:oak_log":5,"refinedstorage:controller":1,"createbigcannons:traffic_cone":1,"minecraft:gunpowder":2,"refinedstorage:4k_storage_part":1,"minecraft:heavy_weighted_pressure_plate":1,"minecraft:dirt":2,"minecraft:string":28,"minecraft:leather_boots":1,"minecraft:bone":14,"minecraft:rotten_flesh":7,"xpbook:xp_tome":1,"apocalypsenow:human_flesh":1,"solcarrot:food_book":2,"minecraft:smooth_stone":1,"minecraft:beef":7,"minecraft:oak_sapling":2,"quark:gray_shard":22,"tac:9mm_round":2,"minecraft:cobblestone":12},"minecraft:mined":{"rocks:spruce_stick":1,"rocks:oak_stick":5,"minecraft:lilac":2,"minecraft:stone_brick_slab":2,"minecraft:oak_log":5,"rocks:birch_stick":2,"minecraft:gray_stained_glass":6,"minecraft:dirt":2,"embellishcraft:polished_marble":1,"biomesoplenty:sprout":14,"minecraft:stone":11,"minecraft:wall_torch":1,"minecraft:oak_leaves":7,"minecraft:spawner":1},"minecraft:custom":{"minecraft:time_since_rest":14274,"lootr:looted_stat":4,"minecraft:sprint_one_cm":82203,"minecraft:damage_taken":1161,"minecraft:walk_one_cm":214772,"minecraft:mob_kills":18,"minecraft:drop":9,"minecraft:damage_dealt":1433,"minecraft:chair_used":1,"minecraft:interact_with_crafting_table":4,"minecraft:fly_one_cm":130774,"minecraft:crouch_one_cm":3090,"minecraft:play_time":53381,"minecraft:deaths":4,"minecraft:sneak_time":1033,"minecraft:walk_under_water_one_cm":808,"minecraft:damage_dealt_resisted":46,"minecraft:jump":664,"minecraft:time_since_death":11791,"minecraft:walk_on_water_one_cm":3264,"minecraft:total_world_time":53381,"minecraft:climb_one_cm":17754,"minecraft:fall_one_cm":8701}},"DataVersion":2975}