{"stats":{"minecraft:killed":{"zombie_extreme:crawler":2,"minecraft:husk":1,"undead_revamp2:thesmoker":2,"minecraft:zombie":24,"zombie_extreme:runner":3,"undead_revamp2:crackleball":1,"minecraft:cow":1},"minecraft:crafted":{"minecraft:air":27,"farmersdelight:cooked_chicken_cuts":1,"minecraft:stone_sword":1,"minecraft:golden_sword":1},"minecraft:dropped":{"minecraft:lilac":2,"minecraft:glass_bottle":6,"apocalypsenow:small_can":1,"tac:glock_17":1,"minecraft:leather":2,"apocalypsenow:baseball_bat":2,"minecraft:stick":1,"refinedstorage:4k_storage_part":1,"minecraft:leather_chestplate":1,"apocalypsenow:night_stick":2,"embellishcraft:smooth_basalt":1,"minecraft:heavy_weighted_pressure_plate":1,"minecraft:torch":1,"apocalypsenow:dagger":2,"minecraft:smooth_stone":1,"minecraft:dark_oak_planks":2,"minecraft:string":16,"minecraft:stone_brick_slab":2,"minecraft:bone":12,"apocalypsenow:human_flesh":3},"minecraft:used":{"pfm:oak_brown_simple_bed":1,"minecraft:stone_sword":86,"minecraft:birch_planks":2,"minecraft:glass_bottle":5,"minecraft:stone_pickaxe":135,"minecraft:wooden_pickaxe":43,"minecraft:torch":9,"minecraft:crafting_table":1,"createbigcannons:traffic_cone":1,"embellishcraft:smooth_marble":1,"minecraft:bread":1,"cfm:stripped_dark_oak_table":1,"cgm:grenade":1,"minecraft:iron_door":1,"minecraft:golden_sword":32,"minecraft:potion":6,"apocalypsenow:porpsi":1,"chalk:blue_chalk":5,"minecraft:andesite":9,"minecraft:iron_leggings":1,"embellishcraft:polished_marble":2,"apocalypsenow:night_stick":3,"embellishcraft:smooth_basalt_slab":1},"minecraft:killed_by":{"minecraft:player":2,"zombie_extreme:infected_police":1},"minecraft:picked_up":{"tac:round45":1,"minecraft:lilac":2,"tac:glock_17":1,"minecraft:iron_door":2,"apocalypsenow:coffee":5,"minecraft:andesite":20,"minecraft:leather":2,"minecraft:potato":9,"embellishcraft:polished_marble":2,"minecraft:oak_log":5,"refinedstorage:controller":1,"minecraft:gunpowder":2,"minecraft:heavy_weighted_pressure_plate":1,"minecraft:stripped_birch_log":7,"minecraft:dirt":15,"minecraft:string":47,"cfm:stripped_dark_oak_table":1,"minecraft:iron_leggings":1,"create:sweet_roll":4,"minecraft:leather_boots":1,"minecraft:bone":26,"another_furniture:green_stool":1,"apocalypsenow:night_stick":1,"embellishcraft:smooth_basalt":2,"solcarrot:food_book":2,"apocalypsenow:human_flesh":6,"minecraft:smooth_stone":1,"minecraft:beef":7,"minecraft:glass_bottle":5,"tac:9mm_round":5,"apocalypsenow:canned_carrot":4,"firstaid:plaster":1,"minecraft:stick":8,"artifacts:universal_attractor":1,"embellishcraft:smooth_marble":1,"car:canister":1,"minecraft:stone_brick_slab":2,"minecraft:torch":9,"createbigcannons:traffic_cone":1,"minecraft:diorite":5,"refinedstorage:4k_storage_part":1,"apocalypsenow:dagger":2,"minecraft:dark_oak_planks":2,"minecraft:rotten_flesh":41,"apocalypsenow:baseball_bat":1,"xpbook:xp_tome":1,"embellishcraft:green_couch":1,"pfm:oak_brown_simple_bed":2,"minecraft:cyan_terracotta":8,"minecraft:oak_sapling":2,"quark:gray_shard":22,"minecraft:coal":51,"minecraft:cobblestone":56},"minecraft:broken":{"minecraft:stone_pickaxe":1,"minecraft:golden_sword":1,"minecraft:wooden_pickaxe":1},"minecraft:custom":{"lootr:looted_stat":9,"minecraft:mob_kills":44,"minecraft:toilet_used":1,"minecraft:interact_with_crafting_table":6,"minecraft:interact_with_loom":1,"minecraft:stove_opened":1,"minecraft:damage_dealt_resisted":46,"minecraft:leave_game":1,"minecraft:time_since_death":4443,"minecraft:sleep_in_bed":1,"minecraft:climb_one_cm":21107,"minecraft:time_since_rest":4473,"minecraft:sprint_one_cm":94647,"minecraft:damage_taken":1655,"minecraft:walk_one_cm":360562,"minecraft:drop":40,"minecraft:damage_dealt":3482,"minecraft:chair_used":1,"minecraft:freezer_opened":5,"minecraft:fly_one_cm":144468,"minecraft:player_kills":1,"minecraft:crouch_one_cm":5426,"minecraft:play_time":96872,"minecraft:deaths":6,"minecraft:sneak_time":2545,"minecraft:walk_under_water_one_cm":808,"minecraft:jump":896,"minecraft:walk_on_water_one_cm":3264,"minecraft:total_world_time":96872,"minecraft:fall_one_cm":13342},"minecraft:mined":{"minecraft:dark_oak_planks":1,"minecraft:cyan_terracotta":9,"another_furniture:green_stool":3,"minecraft:stripped_birch_log":6,"minecraft:stone_brick_slab":2,"minecraft:torch":2,"minecraft:gray_stained_glass":6,"pfm:wall_toilet_paper":1,"embellishcraft:polished_marble":1,"biomesoplenty:sprout":19,"cfm:stripped_dark_oak_table":1,"pfm:oak_brown_simple_bed":2,"minecraft:diorite":5,"minecraft:wall_torch":2,"minecraft:spawner":2,"embellishcraft:smooth_basalt":2,"rocks:spruce_stick":1,"rocks:oak_stick":5,"minecraft:lilac":2,"minecraft:andesite":20,"minecraft:oak_log":5,"minecraft:coal_ore":50,"rocks:birch_stick":2,"minecraft:dirt":15,"minecraft:cobweb":4,"minecraft:stone":57,"minecraft:oak_leaves":7}},"DataVersion":2975}