{"stats":{"minecraft:picked_up":{"minecraft:stick":3,"minecraft:bone":2,"minecraft:rotten_flesh":2,"minecraft:string":4},"minecraft:mined":{"rocks:oak_stick":2,"rocks:spruce_stick":1},"minecraft:killed":{"undead_revamp2:thesmoker":1},"minecraft:used":{"chalk:blue_chalk":5},"minecraft:custom":{"minecraft:jump":68,"minecraft:time_since_rest":5633,"minecraft:crouch_one_cm":117,"minecraft:damage_dealt":124,"minecraft:sprint_one_cm":6082,"minecraft:play_time":5633,"minecraft:damage_taken":203,"minecraft:time_since_death":5633,"minecraft:walk_one_cm":26998,"minecraft:sneak_time":52,"minecraft:total_world_time":5633,"minecraft:mob_kills":1,"minecraft:fall_one_cm":2331,"minecraft:fly_one_cm":7227}},"DataVersion":2975}