{"stats":{"minecraft:picked_up":{"firstaid:plaster":1,"tac:round45":1,"minecraft:stick":4,"car:canister":1,"minecraft:leather":2,"minecraft:oak_log":5,"createbigcannons:traffic_cone":1,"minecraft:heavy_weighted_pressure_plate":1,"minecraft:string":18,"minecraft:leather_boots":1,"minecraft:bone":8,"minecraft:rotten_flesh":7,"solcarrot:food_book":2,"minecraft:smooth_stone":1,"minecraft:beef":7,"tac:9mm_round":1,"minecraft:oak_sapling":2,"quark:gray_shard":13},"minecraft:broken":{"minecraft:golden_sword":1},"minecraft:mined":{"rocks:spruce_stick":1,"rocks:oak_stick":3,"minecraft:oak_log":5,"rocks:birch_stick":1,"minecraft:gray_stained_glass":2,"embellishcraft:polished_marble":1,"minecraft:oak_leaves":5,"minecraft:spawner":1},"minecraft:crafted":{"minecraft:golden_sword":1,"minecraft:air":21},"minecraft:dropped":{"minecraft:smooth_stone":1},"minecraft:killed":{"minecraft:zombie":7,"undead_revamp2:thesmoker":1,"undead_revamp2:crackleball":1,"minecraft:cow":1},"minecraft:killed_by":{"zombie_extreme:infected_police":1},"minecraft:used":{"createbigcannons:traffic_cone":1,"minecraft:wooden_pickaxe":3,"minecraft:golden_sword":32,"minecraft:potion":2,"minecraft:crafting_table":1,"chalk:blue_chalk":5},"minecraft:custom":{"minecraft:time_since_rest":5306,"lootr:looted_stat":3,"minecraft:sprint_one_cm":51254,"minecraft:damage_taken":874,"minecraft:walk_one_cm":130143,"minecraft:mob_kills":15,"minecraft:drop":1,"minecraft:damage_dealt":1065,"minecraft:interact_with_crafting_table":2,"minecraft:fly_one_cm":81686,"minecraft:crouch_one_cm":512,"minecraft:play_time":29633,"minecraft:deaths":3,"minecraft:sneak_time":278,"minecraft:walk_under_water_one_cm":808,"minecraft:jump":375,"minecraft:walk_on_water_one_cm":1452,"minecraft:time_since_death":5236,"minecraft:total_world_time":29633,"minecraft:climb_one_cm":12620,"minecraft:fall_one_cm":6178}},"DataVersion":2975}