{"stats":{"minecraft:killed":{"undead_revamp2:thesmoker":3,"zombie_extreme:runner":3,"undead_revamp2:crackleball":1,"zombie_extreme:crawler":2,"minecraft:husk":2,"minecraft:zombie":78,"mutationcraft:human_herder":1,"minecraft:cow":1},"minecraft:crafted":{"farmersdelight:cooked_chicken_cuts":1,"minecraft:golden_sword":1,"minecraft:air":27,"minecraft:stone_sword":1},"minecraft:dropped":{"apocalypsenow:human_flesh":6,"apocalypsenow:police_boots":3,"minecraft:lilac":2,"minecraft:glass_bottle":6,"artifacts:shock_pendant":1,"tac:glock_17":1,"apocalypsenow:police_leggings":1,"minecraft:leather":2,"sophisticatedbackpacks:gold_backpack":2,"minecraft:stick":1,"refinedstorage:4k_storage_part":1,"minecraft:cyan_terracotta":8,"minecraft:torch":1,"apocalypsenow:night_stick":2,"embellishcraft:smooth_basalt":1,"apocalypsenow:fire_figther_boots":2,"minecraft:iron_door":4,"minecraft:smooth_stone":1,"minecraft:string":16,"minecraft:dark_oak_planks":2,"minecraft:stone_brick_slab":2,"minecraft:bone":38,"apocalypsenow:small_can":1,"pfm:oak_brown_simple_bed":1,"minecraft:rotten_flesh":4,"apocalypsenow:money":8,"apocalypsenow:baseball_bat":2,"minecraft:leather_chestplate":1,"artifacts:umbrella":2,"minecraft:heavy_weighted_pressure_plate":1,"apocalypsenow:dagger":4,"minecraft:leather_boots":1,"farmersdelight:spruce_cabinet":1},"minecraft:used":{"pfm:oak_brown_simple_bed":1,"minecraft:stone_sword":114,"minecraft:brown_shulker_box":2,"minecraft:torch":24,"apocalypsenow:grape_juice":1,"minecraft:snowball":1,"createbigcannons:traffic_cone":1,"embellishcraft:smooth_marble":1,"minecraft:cyan_terracotta":1,"cfm:stripped_dark_oak_table":1,"minecraft:golden_sword":32,"apocalypsenow:porpsi":1,"apocalypsenow:night_stick":3,"minecraft:iron_leggings":1,"embellishcraft:smooth_basalt_slab":1,"create:brass_block":1,"minecraft:birch_planks":2,"minecraft:glass_bottle":5,"minecraft:stone_pickaxe":192,"minecraft:wooden_pickaxe":43,"minecraft:crafting_table":1,"apocalypsenow:tatical_mace":161,"quark:oak_hedge":1,"minecraft:bread":1,"cgm:grenade":2,"minecraft:iron_door":1,"minecraft:potion":6,"apocalypsenow:peach_juice":2,"chalk:blue_chalk":5,"minecraft:andesite":9,"embellishcraft:polished_marble":2},"minecraft:killed_by":{"minecraft:player":3,"zombie_extreme:infected_police":1,"minecraft:zombie":1},"minecraft:broken":{"apocalypsenow:construction_boots":1,"minecraft:stone_sword":1,"minecraft:wooden_pickaxe":1,"minecraft:stone_pickaxe":1,"minecraft:golden_sword":1},"minecraft:picked_up":{"sophisticatedbackpacks:gold_backpack":1,"tac:glock_17":1,"apocalypsenow:fire_figther_boots":4,"artifacts:umbrella":1,"apocalypsenow:u_sarmy_helmet":1,"refinedstorage:controller":1,"minecraft:heavy_weighted_pressure_plate":1,"minecraft:string":99,"cfm:stripped_dark_oak_table":1,"create:sweet_roll":4,"minecraft:iron_leggings":1,"apocalypsenow:night_stick":1,"minecraft:smooth_stone":1,"embellishcraft:smooth_basalt":2,"minecraft:spruce_planks":2,"apocalypsenow:construction_boots":2,"minecraft:beef":7,"minecraft:stick":8,"artifacts:universal_attractor":1,"embellishcraft:smooth_marble":1,"car:canister":1,"minecraft:torch":26,"minecraft:diorite":5,"minecraft:carrot":2,"refinedstorage:4k_storage_part":1,"minecraft:dark_oak_planks":2,"minecraft:rotten_flesh":124,"apocalypsenow:baseball_bat":1,"pfm:oak_brown_simple_bed":2,"minecraft:brown_shulker_box":3,"minecraft:iron_block":5,"minecraft:cyan_terracotta":9,"apocalypsenow:police_boots":3,"minecraft:snowball":1,"apocalypsenow:money_block":5,"minecraft:cobblestone":56,"tac:round45":5,"minecraft:lilac":2,"minecraft:iron_door":11,"apocalypsenow:coffee":5,"minecraft:andesite":20,"minecraft:leather":2,"minecraft:potato":10,"apocalypsenow:orange_juice":3,"apocalypsenow:cereal":5,"create:brass_block":1,"minecraft:oak_log":5,"embellishcraft:polished_marble":2,"minecraft:gunpowder":28,"minecraft:dirt":15,"minecraft:stripped_birch_log":7,"artifacts:shock_pendant":1,"minecraft:leather_boots":1,"minecraft:bone":112,"another_furniture:green_stool":1,"solcarrot:food_book":2,"apocalypsenow:human_flesh":8,"apocalypsenow:money":14,"apocalypsenow:cloth":4,"minecraft:glass_bottle":5,"tac:9mm_round":11,"firstaid:plaster":2,"apocalypsenow:canned_carrot":4,"contenttweaker:resistant_fabric":2,"farmersdelight:spruce_cabinet":2,"minecraft:stone_brick_slab":2,"createbigcannons:traffic_cone":1,"apocalypsenow:dagger":6,"xpbook:xp_tome":1,"embellishcraft:green_couch":1,"quark:oak_hedge":2,"tac:762x39":24,"quark:gray_shard":22,"minecraft:oak_sapling":2,"minecraft:coal":51},"minecraft:custom":{"lootr:looted_stat":28,"minecraft:mob_kills":103,"minecraft:interact_with_crafting_table":7,"minecraft:open_barrel":1,"minecraft:open_shulker_box":4,"minecraft:damage_dealt_resisted":46,"minecraft:leave_game":1,"minecraft:time_since_death":30988,"minecraft:climb_one_cm":28874,"minecraft:sprint_one_cm":123214,"minecraft:walk_one_cm":662648,"minecraft:drop":76,"minecraft:chair_used":1,"minecraft:talked_to_villager":12,"minecraft:play_time":156872,"minecraft:deaths":8,"minecraft:sneak_time":3268,"minecraft:walk_under_water_one_cm":1597,"minecraft:jump":1208,"minecraft:walk_on_water_one_cm":7337,"minecraft:total_world_time":156872,"minecraft:interact_with_furnace":1,"minecraft:toilet_used":1,"minecraft:interact_with_loom":1,"minecraft:stove_opened":1,"minecraft:trashcan_opened":2,"minecraft:sleep_in_bed":2,"minecraft:cabinet_searched":1,"minecraft:time_since_rest":30727,"minecraft:damage_taken":2338,"minecraft:damage_dealt":10398,"minecraft:fly_one_cm":159000,"minecraft:freezer_opened":6,"minecraft:player_kills":1,"minecraft:crouch_one_cm":5979,"minecraft:fall_one_cm":15330},"minecraft:mined":{"minecraft:dark_oak_planks":1,"quark:smooth_quartz_vertical_slab":8,"minecraft:stripped_birch_log":6,"pfm:oak_brown_simple_bed":2,"minecraft:moss_block":1,"minecraft:spawner":9,"embellishcraft:smooth_basalt":2,"minecraft:smooth_stone":5,"farmersdelight:spruce_cabinet":1,"minecraft:snow":1,"rocks:oak_stick":5,"minecraft:andesite":20,"quark:polished_calcite":3,"rocks:birch_stick":2,"minecraft:stone":57,"minecraft:iron_block":3,"minecraft:white_wool":8,"minecraft:brown_shulker_box":4,"minecraft:quartz_block":1,"minecraft:cyan_terracotta":9,"another_furniture:green_stool":3,"minecraft:stone_brick_slab":2,"minecraft:torch":6,"minecraft:gray_stained_glass":6,"embellishcraft:polished_marble":1,"pfm:wall_toilet_paper":1,"biomesoplenty:sprout":22,"cfm:stripped_dark_oak_table":1,"minecraft:iron_door":4,"minecraft:diorite":5,"createaddition:barbed_wire":2,"minecraft:wall_torch":6,"rocks:spruce_stick":1,"minecraft:lilac":2,"create:vertical_framed_glass_pane":1,"minecraft:coal_ore":50,"minecraft:oak_log":5,"quark:oak_hedge":2,"create:framed_glass_trapdoor":1,"minecraft:dirt":15,"minecraft:cobweb":14,"minecraft:stone_bricks":4,"quark:polished_calcite_vertical_slab":1,"minecraft:oak_leaves":7}},"DataVersion":2975}