{"stats":{"minecraft:picked_up":{"create:cut_calcite":3,"sophisticatedbackpacks:gold_backpack":1,"minecraft:wheat":4,"apocalypsenow:fire_figther_boots":5,"tac:glock_17":1,"artifacts:umbrella":1,"apocalypsenow:blue_football_armor_helmet":1,"minecraft:gold_block":4,"apocalypsenow:u_sarmy_helmet":1,"refinedstorage:controller":1,"minecraft:heavy_weighted_pressure_plate":2,"minecraft:string":294,"pfm:oak_gray_simple_bed":3,"minecraft:iron_leggings":1,"minecraft:smooth_stone_slab":20,"cfm:stripped_dark_oak_table":1,"artifacts:feral_claws":1,"create:sweet_roll":4,"minecraft:quartz_slab":3,"apocalypsenow:night_stick":1,"minecraft:smooth_stone":2,"embellishcraft:smooth_basalt":2,"minecraft:spruce_planks":2,"apocalypsenow:construction_boots":3,"minecraft:beef":7,"apocalypsenow:can":1,"minecraft:smooth_quartz":16,"minecraft:smooth_quartz_stairs":1,"cfm:cyan_kitchen_counter":3,"minecraft:stick":12,"artifacts:universal_attractor":1,"embellishcraft:smooth_slate":4,"embellishcraft:smooth_marble":12,"embellishcraft:basalt_large_bricks_slab":7,"car:canister":1,"minecraft:torch":34,"minecraft:diorite":5,"minecraft:carrot":2,"refinedstorage:4k_storage_part":1,"minecraft:dark_oak_planks":4,"minecraft:quartz_block":7,"quark:smooth_quartz_vertical_slab":4,"minecraft:rotten_flesh":260,"apocalypsenow:baseball_bat":1,"pfm:oak_brown_simple_bed":2,"minecraft:brown_shulker_box":8,"apocalypsenow:gardening_axe":1,"minecraft:iron_block":9,"minecraft:cyan_terracotta":28,"embellishcraft:smooth_slate_stairs":4,"apocalypsenow:police_boots":3,"minecraft:cobblestone":58,"minecraft:snowball":2,"apocalypsenow:money_block":5,"cfm:gray_picket_fence":1,"tac:round45":47,"minecraft:lilac":2,"minecraft:iron_door":26,"apocalypsenow:coffee":5,"minecraft:andesite":20,"minecraft:leather":2,"artifacts:thorn_pendant":1,"minecraft:potato":10,"apocalypsenow:orange_juice":3,"apocalypsenow:cereal":5,"minecraft:oak_log":5,"create:brass_block":1,"embellishcraft:polished_marble":2,"minecraft:gunpowder":33,"artifacts:cloud_in_a_bottle":1,"apocalypsenow:construction_chestplate":2,"minecraft:stripped_birch_log":7,"minecraft:dirt":15,"artifacts:shock_pendant":1,"tac:m1911":2,"minecraft:leather_boots":1,"apocalypsenow:scalpel":1,"minecraft:bone":256,"apocalypsenow:construction_leggings":2,"another_furniture:green_stool":1,"minecraft:stone_bricks":6,"minecraft:gray_terracotta":3,"solcarrot:food_book":2,"apocalypsenow:human_flesh":9,"apocalypsenow:money":15,"pfm:basic_toilet":2,"apocalypsenow:fire_figther_helmet":1,"apocalypsenow:cloth":4,"minecraft:glass_bottle":6,"tac:9mm_round":39,"apocalypsenow:blue_football_armor_boots":1,"quark:light_gray_shard":5,"firstaid:plaster":2,"apocalypsenow:canned_carrot":4,"apocalypsenow:u_sarmy_chestplate":2,"minecraft:emerald_block":3,"cfm:light_gray_sofa":1,"contenttweaker:resistant_fabric":2,"farmersdelight:spruce_cabinet":2,"minecraft:stone_brick_slab":2,"createbigcannons:traffic_cone":1,"minecraft:spruce_log":4,"apocalypsenow:dagger":6,"minecraft:pumpkin_seeds":7,"minecraft:iron_helmet":2,"xpbook:xp_tome":1,"embellishcraft:smooth_marble_wall":1,"embellishcraft:green_couch":1,"embellishcraft:basalt_large_bricks":2,"minecraft:polished_blackstone_button":1,"quark:oak_hedge":2,"tac:762x39":24,"embellishcraft:air_duct":8,"alexsmobs:maggot":2,"quark:gray_shard":22,"minecraft:oak_sapling":2,"apocalypsenow:construction_helmet":4,"pfm:dark_oak_green_simple_bed":1,"minecraft:bricks":2,"minecraft:coal":53,"rocks:cobblestone_splitter":1},"minecraft:broken":{"apocalypsenow:construction_boots":2,"minecraft:stone_sword":1,"minecraft:wooden_pickaxe":1,"minecraft:stone_pickaxe":2,"minecraft:golden_sword":1,"apocalypsenow:u_sarmy_chestplate":1},"minecraft:mined":{"quark:smooth_quartz_vertical_slab":13,"embellishcraft:air_duct":7,"minecraft:quartz_stairs":2,"embellishcraft:smooth_marble_wall":1,"minecraft:stripped_birch_log":6,"embellishcraft:basalt_large_bricks_slab":2,"minecraft:spruce_leaves":4,"pfm:oak_brown_simple_bed":2,"minecraft:moss_block":1,"minecraft:spawner":32,"create:cut_calcite":3,"embellishcraft:smooth_basalt":6,"minecraft:smooth_stone":15,"quark:birch_bookshelf":1,"minecraft:heavy_weighted_pressure_plate":1,"minecraft:fire":4,"farmersdelight:spruce_cabinet":1,"minecraft:snow":1,"rocks:oak_stick":5,"minecraft:andesite":20,"quark:polished_calcite":3,"minecraft:gold_block":6,"rocks:birch_stick":2,"minecraft:quartz_slab":4,"minecraft:smooth_quartz_stairs":2,"minecraft:iron_block":4,"minecraft:stone":65,"minecraft:white_wool":8,"create:dark_oak_window_pane":4,"minecraft:brown_shulker_box":8,"minecraft:gray_terracotta":4,"minecraft:quartz_block":8,"minecraft:cyan_terracotta":38,"embellishcraft:smooth_slate":6,"another_furniture:green_stool":3,"minecraft:observer":5,"minecraft:stone_brick_slab":2,"cfm:light_gray_sofa":1,"minecraft:torch":9,"minecraft:gray_stained_glass":6,"pfm:wall_toilet_paper":1,"embellishcraft:polished_marble":7,"embellishcraft:smooth_slate_stairs":2,"minecraft:stone_slab":3,"minecraft:deepslate_coal_ore":1,"biomesoplenty:sprout":23,"cfm:stripped_dark_oak_table":1,"minecraft:bricks":5,"minecraft:iron_door":13,"minecraft:diorite":5,"createaddition:barbed_wire":2,"minecraft:wall_torch":6,"rocks:spruce_stick":1,"pfm:basic_toilet":1,"minecraft:light_gray_stained_glass":3,"minecraft:lilac":2,"minecraft:smooth_stone_slab":20,"embellishcraft:smooth_marble":8,"create:vertical_framed_glass_pane":3,"minecraft:coal_ore":51,"minecraft:oak_log":5,"quark:oak_hedge":2,"create:framed_glass_trapdoor":1,"minecraft:smooth_quartz":6,"minecraft:dirt":15,"pfm:oak_gray_simple_bed":2,"minecraft:cobweb":14,"cfm:cyan_kitchen_counter":4,"quark:polished_calcite_vertical_slab":1,"minecraft:emerald_block":3,"minecraft:oak_leaves":7,"minecraft:stone_bricks":4,"minecraft:iron_trapdoor":1,"create:spruce_window_pane":2,"minecraft:dark_oak_planks":3},"minecraft:crafted":{"farmersdelight:cooked_chicken_cuts":1,"minecraft:golden_sword":1,"minecraft:air":62,"minecraft:iron_ingot":9,"minecraft:stone_sword":1},"minecraft:killed":{"undead_revamp2:thesmoker":6,"zombie_extreme:runner":6,"undead_revamp2:crackleball":4,"zombie_extreme:crawler":2,"minecraft:husk":11,"undead_revamp2:the_moonflower":3,"undead_revamp2:theordure":1,"minecraft:zombie":205,"zombie_extreme:infected_police":2,"mutationcraft:human_herder":1,"minecraft:cow":1},"minecraft:dropped":{"apocalypsenow:human_flesh":6,"apocalypsenow:police_boots":4,"apocalypsenow:gardening_axe":2,"minecraft:lilac":2,"apocalypsenow:blue_football_armor_helmet":1,"minecraft:glass_bottle":7,"tac:round45":31,"artifacts:shock_pendant":1,"tac:glock_17":1,"minecraft:iron_helmet":1,"tac:m1911":1,"apocalypsenow:police_leggings":1,"minecraft:leather":2,"sophisticatedbackpacks:gold_backpack":2,"minecraft:stick":5,"refinedstorage:4k_storage_part":1,"minecraft:cyan_terracotta":8,"artifacts:thorn_pendant":1,"rocks:cobblestone_splitter":1,"embellishcraft:smooth_basalt":1,"apocalypsenow:open_canned_melon":3,"apocalypsenow:construction_boots":1,"apocalypsenow:night_stick":2,"apocalypsenow:construction_leggings":1,"minecraft:torch":1,"minecraft:smooth_quartz":13,"apocalypsenow:fire_figther_boots":3,"minecraft:iron_door":11,"embellishcraft:air_duct":4,"apocalypsenow:construction_helmet":1,"apocalypsenow:can":5,"pfm:basic_toilet":1,"minecraft:smooth_stone":2,"artifacts:feral_claws":1,"minecraft:dark_oak_planks":2,"minecraft:string":38,"minecraft:stone_brick_slab":2,"minecraft:bone":60,"cfm:gray_picket_fence":1,"minecraft:bricks":2,"alexsmobs:maggot":2,"embellishcraft:smooth_slate_stairs":2,"apocalypsenow:small_can":1,"embellishcraft:smooth_marble":1,"minecraft:wheat":2,"pfm:oak_brown_simple_bed":1,"minecraft:rotten_flesh":12,"apocalypsenow:police_chestplate":1,"apocalypsenow:money":8,"apocalypsenow:cloth":12,"minecraft:brown_shulker_box":1,"apocalypsenow:baseball_bat":2,"minecraft:leather_chestplate":1,"farmersdelight:cooked_chicken_cuts":1,"artifacts:umbrella":2,"minecraft:heavy_weighted_pressure_plate":1,"apocalypsenow:dagger":4,"minecraft:leather_boots":1,"farmersdelight:minced_beef":4,"minecraft:stone_bricks":1,"apocalypsenow:butterfly_knife":1,"firstaid:plaster":2,"farmersdelight:spruce_cabinet":1,"apocalypsenow:blue_football_armor_boots":1,"minecraft:quartz_slab":3,"apocalypsenow:open_canned_pork":2},"minecraft:killed_by":{"minecraft:player":5,"zombie_extreme:infected_police":1,"minecraft:zombie":1},"minecraft:used":{"pfm:oak_brown_simple_bed":1,"minecraft:stone_sword":114,"minecraft:flint_and_steel":6,"minecraft:brown_shulker_box":6,"farmersdelight:melon_juice":2,"minecraft:torch":47,"apocalypsenow:grape_juice":1,"minecraft:snowball":2,"embellishcraft:smooth_marble":3,"farmersdelight:stuffed_pumpkin_block":1,"createbigcannons:traffic_cone":1,"minecraft:dark_oak_planks":2,"apocalypsenow:gardening_axe":18,"minecraft:cyan_terracotta":4,"cfm:stripped_dark_oak_table":1,"minecraft:quartz_block":1,"minecraft:golden_sword":32,"apocalypsenow:open_canned_pork":4,"apocalypsenow:porpsi":1,"apocalypsenow:bayonet":31,"embellishcraft:smooth_basalt_slab":1,"apocalypsenow:night_stick":3,"farmersdelight:hamburger":1,"minecraft:iron_leggings":1,"create:brass_block":1,"minecraft:birch_planks":2,"minecraft:glass_bottle":5,"minecraft:stone_pickaxe":265,"minecraft:wooden_pickaxe":43,"minecraft:cookie":1,"minecraft:smooth_quartz_stairs":1,"minecraft:crafting_table":1,"minecraft:gray_terracotta":2,"apocalypsenow:tatical_mace":498,"minecraft:bread":1,"quark:oak_hedge":1,"minecraft:iron_pickaxe":139,"cgm:grenade":3,"minecraft:iron_door":1,"pfm:dark_oak_green_simple_bed":1,"embellishcraft:smooth_slate_stairs":2,"pfm:basic_toilet":1,"minecraft:andesite":9,"farmersdelight:egg_sandwich":1,"minecraft:potion":17,"chalk:blue_chalk":5,"apocalypsenow:peach_juice":2,"cfm:light_gray_sofa":1,"embellishcraft:polished_marble":2,"apocalypsenow:golf_stick":72,"pfm:oak_gray_simple_bed":2},"minecraft:custom":{"lootr:looted_stat":66,"minecraft:mob_kills":350,"minecraft:interact_with_crafting_table":9,"minecraft:open_barrel":1,"minecraft:open_shulker_box":8,"minecraft:damage_dealt_resisted":52,"minecraft:leave_game":6,"minecraft:time_since_death":89803,"minecraft:climb_one_cm":57684,"minecraft:sprint_one_cm":208121,"minecraft:walk_one_cm":1304873,"minecraft:drop":149,"minecraft:chair_used":1,"minecraft:damage_dealt_absorbed":40,"minecraft:talked_to_villager":18,"minecraft:play_time":297370,"minecraft:deaths":11,"minecraft:sneak_time":3987,"minecraft:walk_under_water_one_cm":1597,"minecraft:jump":2330,"minecraft:walk_on_water_one_cm":8150,"minecraft:total_world_time":297370,"minecraft:interact_with_furnace":3,"minecraft:toilet_used":1,"minecraft:interact_with_loom":1,"minecraft:stove_opened":1,"minecraft:trashcan_opened":2,"minecraft:sleep_in_bed":12,"minecraft:time_since_rest":44495,"minecraft:cabinet_searched":1,"minecraft:damage_taken":4657,"minecraft:damage_dealt":25481,"minecraft:freezer_opened":11,"minecraft:fly_one_cm":318936,"minecraft:player_kills":2,"minecraft:crouch_one_cm":8189,"minecraft:fall_one_cm":62997}},"DataVersion":2975}