{"stats":{"minecraft:picked_up":{"tac:round45":1,"minecraft:stick":4,"minecraft:bone":4,"minecraft:rotten_flesh":5,"minecraft:leather":2,"minecraft:beef":7,"minecraft:oak_log":5,"quark:gray_shard":13,"minecraft:oak_sapling":2,"minecraft:string":14},"minecraft:mined":{"minecraft:gray_stained_glass":2,"minecraft:oak_log":5,"rocks:birch_stick":1,"rocks:spruce_stick":1,"embellishcraft:polished_marble":1,"rocks:oak_stick":3,"minecraft:oak_leaves":5},"minecraft:killed":{"undead_revamp2:thesmoker":1,"undead_revamp2:crackleball":1,"minecraft:cow":1},"minecraft:used":{"minecraft:potion":2,"chalk:blue_chalk":5,"minecraft:wooden_pickaxe":2},"minecraft:custom":{"minecraft:time_since_rest":4965,"minecraft:deaths":2,"lootr:looted_stat":2,"minecraft:crouch_one_cm":378,"minecraft:play_time":17633,"minecraft:sprint_one_cm":39291,"minecraft:walk_one_cm":73258,"minecraft:damage_taken":556,"minecraft:sneak_time":172,"minecraft:mob_kills":4,"minecraft:jump":279,"minecraft:damage_dealt":274,"minecraft:time_since_death":4882,"minecraft:climb_one_cm":9309,"minecraft:total_world_time":17633,"minecraft:fall_one_cm":3988,"minecraft:fly_one_cm":73623}},"DataVersion":2975}