{"stats":{"minecraft:killed_by":{"minecraft:zombie":1,"minecraft:player":5,"zombie_extreme:infected_police":1},"minecraft:killed":{"undead_revamp2:thesmoker":9,"undead_revamp2:crackleball":4,"undead_revamp2:theordure":1,"minecraft:zombie":238,"zombie_extreme:infected_police":4,"minecraft:cow":1,"undead_revamp2:bomber":1,"zombie_extreme:runner":6,"zombie_extreme:crawler":3,"minecraft:husk":16,"undead_revamp2:the_moonflower":5,"minecraft:wandering_trader":1,"alexsmobs:crow":1,"mutationcraft:human_herder":1},"minecraft:broken":{"apocalypsenow:construction_boots":2,"minecraft:stone_pickaxe":2,"minecraft:golden_sword":1,"minecraft:stone_sword":1,"minecraft:wooden_pickaxe":1,"apocalypsenow:u_sarmy_chestplate":1,"minecraft:iron_pickaxe":1},"minecraft:crafted":{"minecraft:golden_sword":1,"farmersdelight:beef_patty":4,"minecraft:iron_ingot":9,"minecraft:stone_sword":1,"farmersdelight:cooked_bacon":3,"farmersdelight:cooked_chicken_cuts":1,"minecraft:air":62},"minecraft:picked_up":{"minecraft:wheat":4,"artifacts:umbrella":1,"refinedstorage:controller":1,"minecraft:string":346,"minecraft:iron_leggings":1,"minecraft:smooth_stone_slab":25,"create:sweet_roll":4,"pfm:oak_gray_simple_bed":3,"embellishcraft:smooth_marble_slab":2,"minecraft:smooth_stone":3,"minecraft:spruce_planks":3,"minecraft:smooth_quartz":18,"minecraft:smooth_quartz_stairs":1,"minecraft:stick":12,"artifacts:universal_attractor":1,"farmersdelight:potato_crate":2,"embellishcraft:smooth_slate":4,"embellishcraft:smooth_marble":18,"embellishcraft:basalt_large_bricks_slab":7,"minecraft:torch":44,"minecraft:diorite":5,"apocalypsenow:fire_figther_leggings":1,"quark:iron_button":1,"minecraft:quartz_block":7,"quark:smooth_quartz_vertical_slab":4,"farmersdelight:tomato_crate":1,"minecraft:rotten_flesh":298,"pfm:oak_brown_simple_bed":6,"minecraft:brown_shulker_box":12,"minecraft:iron_block":9,"minecraft:cyan_terracotta":32,"apocalypsenow:police_boots":3,"minecraft:snowball":4,"apocalypsenow:money_block":5,"minecraft:cobblestone":59,"tac:round45":66,"minecraft:lilac":2,"minecraft:iron_door":37,"apocalypsenow:coffee":5,"minecraft:andesite":20,"artifacts:thorn_pendant":1,"minecraft:potato":10,"apocalypsenow:cereal":5,"apocalypsenow:construction_chestplate":2,"minecraft:stripped_birch_log":7,"minecraft:dirt":16,"artifacts:shock_pendant":1,"minecraft:leather_boots":1,"minecraft:bone":336,"minecraft:gray_terracotta":3,"apocalypsenow:human_flesh":9,"pfm:basic_toilet":3,"apocalypsenow:cloth":4,"tac:9mm_round":64,"firstaid:plaster":2,"apocalypsenow:canned_carrot":4,"apocalypsenow:u_sarmy_chestplate":2,"apocalypsenow:small_can":1,"farmersdelight:spruce_cabinet":2,"apocalypsenow:tatical_mace":1,"createbigcannons:traffic_cone":1,"apocalypsenow:dagger":6,"embellishcraft:basalt_large_bricks":2,"minecraft:polished_blackstone_button":1,"alexsmobs:maggot":2,"minecraft:oak_sapling":2,"pfm:dark_oak_green_simple_bed":1,"apocalypsenow:construction_helmet":5,"minecraft:bricks":2,"rocks:cobblestone_splitter":1,"create:cut_calcite":3,"sophisticatedbackpacks:gold_backpack":1,"tac:glock_17":1,"apocalypsenow:fire_figther_boots":6,"apocalypsenow:blue_football_armor_helmet":1,"minecraft:stone_brick_wall":2,"minecraft:gold_block":4,"apocalypsenow:u_sarmy_helmet":5,"minecraft:heavy_weighted_pressure_plate":2,"cfm:stripped_dark_oak_table":1,"artifacts:feral_claws":1,"minecraft:quartz_slab":3,"apocalypsenow:night_stick":1,"embellishcraft:smooth_basalt":2,"apocalypsenow:construction_boots":10,"minecraft:beef":7,"apocalypsenow:can":1,"cfm:cyan_kitchen_counter":3,"farmersdelight:cabbage_crate":1,"car:canister":1,"minecraft:carrot":2,"refinedstorage:4k_storage_part":1,"tac:b_magnum":4,"minecraft:dark_oak_planks":8,"apocalypsenow:baseball_bat":1,"apocalypsenow:gardening_axe":1,"embellishcraft:smooth_slate_stairs":4,"cfm:gray_picket_fence":1,"minecraft:leather":2,"apocalypsenow:orange_juice":3,"embellishcraft:polished_marble":5,"create:brass_block":1,"minecraft:oak_log":5,"artifacts:cloud_in_a_bottle":1,"minecraft:gunpowder":33,"tac:m1911":2,"apocalypsenow:scalpel":1,"apocalypsenow:construction_leggings":2,"another_furniture:green_stool":1,"minecraft:stone_bricks":6,"solcarrot:food_book":2,"apocalypsenow:money":15,"apocalypsenow:fire_figther_helmet":1,"minecraft:glass_bottle":16,"tac:ae50":14,"quark:light_gray_shard":5,"apocalypsenow:blue_football_armor_boots":1,"minecraft:emerald_block":3,"cfm:light_gray_sofa":1,"contenttweaker:resistant_fabric":2,"minecraft:stone_brick_slab":2,"minecraft:spruce_log":4,"minecraft:pumpkin_seeds":7,"xpbook:xp_tome":1,"embellishcraft:smooth_marble_wall":1,"embellishcraft:green_couch":1,"quark:oak_hedge":2,"minecraft:iron_helmet":2,"tac:762x39":24,"embellishcraft:air_duct":11,"quark:gray_shard":22,"minecraft:coal":63},"minecraft:custom":{"lootr:looted_stat":89,"minecraft:interact_with_crafting_table":9,"minecraft:open_barrel":2,"minecraft:microwave_used":1,"minecraft:open_shulker_box":12,"minecraft:leave_game":9,"minecraft:time_since_death":10065,"minecraft:sprint_one_cm":380007,"minecraft:drop":167,"minecraft:talked_to_villager":20,"minecraft:play_time":393917,"minecraft:deaths":14,"minecraft:jump":3254,"minecraft:walk_on_water_one_cm":8233,"minecraft:interact_with_furnace":6,"minecraft:interact_with_loom":1,"minecraft:stove_opened":7,"minecraft:sleep_in_bed":13,"minecraft:damage_dealt":28185,"minecraft:player_kills":2,"minecraft:crouch_one_cm":9330,"minecraft:mob_kills":508,"minecraft:damage_dealt_resisted":52,"minecraft:climb_one_cm":70631,"minecraft:walk_one_cm":1768703,"minecraft:fridge_opened":1,"minecraft:chair_used":1,"minecraft:damage_dealt_absorbed":40,"minecraft:sneak_time":4182,"minecraft:walk_under_water_one_cm":1597,"minecraft:interact_with_blast_furnace":1,"minecraft:total_world_time":393917,"minecraft:toilet_used":1,"minecraft:tune_noteblock":1,"minecraft:trashcan_opened":3,"minecraft:cabinet_searched":2,"minecraft:time_since_rest":13680,"minecraft:damage_taken":5585,"minecraft:fly_one_cm":494553,"minecraft:freezer_opened":14,"minecraft:fall_one_cm":85396},"minecraft:mined":{"minecraft:dark_oak_planks":4,"minecraft:spruce_planks":1,"embellishcraft:smooth_marble_wall":1,"farmersdelight:tomato_crate":1,"embellishcraft:basalt_large_bricks_slab":2,"minecraft:grass_block":1,"minecraft:stone_brick_wall":2,"pfm:oak_brown_simple_bed":6,"minecraft:spawner":46,"embellishcraft:smooth_basalt":6,"minecraft:smooth_stone":16,"quark:birch_bookshelf":1,"minecraft:fire":4,"rocks:oak_stick":5,"quark:polished_calcite":3,"create:polished_cut_limestone":2,"minecraft:quartz_slab":4,"minecraft:iron_block":4,"create:dark_oak_window_pane":4,"minecraft:gray_terracotta":4,"minecraft:brown_shulker_box":12,"minecraft:quartz_block":8,"minecraft:cyan_terracotta":42,"embellishcraft:smooth_slate":6,"farmersdelight:potato_crate":2,"minecraft:torch":13,"farmersdelight:cabbage_crate":1,"embellishcraft:polished_marble":10,"embellishcraft:smooth_slate_stairs":2,"minecraft:bricks":5,"createaddition:barbed_wire":2,"minecraft:iron_door":18,"minecraft:wall_torch":16,"rocks:spruce_stick":1,"pfm:basic_toilet":2,"minecraft:light_gray_stained_glass":3,"minecraft:lilac":2,"minecraft:smooth_stone_slab":26,"create:vertical_framed_glass_pane":3,"minecraft:oak_log":5,"create:framed_glass_trapdoor":1,"minecraft:dirt":15,"minecraft:smooth_quartz":6,"pfm:oak_gray_simple_bed":2,"quark:polished_calcite_vertical_slab":1,"cfm:cyan_kitchen_counter":4,"minecraft:oak_leaves":7,"minecraft:emerald_block":3,"create:spruce_window_pane":2,"quark:smooth_quartz_vertical_slab":13,"embellishcraft:air_duct":10,"minecraft:quartz_stairs":2,"minecraft:stripped_birch_log":6,"minecraft:gray_stained_glass_pane":5,"minecraft:spruce_leaves":4,"minecraft:moss_block":1,"create:cut_calcite":3,"embellishcraft:smooth_marble_slab":2,"minecraft:heavy_weighted_pressure_plate":1,"farmersdelight:spruce_cabinet":1,"minecraft:snow":3,"minecraft:andesite":20,"minecraft:gold_block":6,"rocks:birch_stick":2,"minecraft:smooth_quartz_stairs":2,"minecraft:stone":70,"minecraft:white_wool":8,"another_furniture:green_stool":3,"minecraft:stone_brick_slab":2,"minecraft:observer":5,"cfm:light_gray_sofa":1,"minecraft:gray_stained_glass":6,"pfm:wall_toilet_paper":1,"minecraft:stone_slab":3,"minecraft:deepslate_coal_ore":1,"biomesoplenty:sprout":23,"cfm:stripped_dark_oak_table":1,"minecraft:diorite":5,"embellishcraft:smooth_marble":15,"minecraft:coal_ore":61,"quark:oak_hedge":2,"minecraft:cobweb":14,"minecraft:stone_bricks":4,"minecraft:iron_trapdoor":1},"minecraft:used":{"embellishcraft:air_duct":2,"farmersdelight:melon_juice":3,"minecraft:snowball":4,"createbigcannons:traffic_cone":1,"embellishcraft:smooth_marble":10,"minecraft:cyan_terracotta":4,"cfm:stripped_dark_oak_table":1,"minecraft:quartz_block":1,"minecraft:golden_sword":32,"apocalypsenow:bayonet":31,"apocalypsenow:open_canned_pork":4,"farmersdelight:hamburger":1,"minecraft:stone_pickaxe":265,"minecraft:wooden_pickaxe":43,"minecraft:smooth_quartz_stairs":1,"minecraft:cookie":5,"minecraft:stone_brick_wall":2,"apocalypsenow:tatical_mace":552,"minecraft:bread":1,"create:sweet_roll":5,"minecraft:iron_door":1,"pfm:dark_oak_green_simple_bed":1,"embellishcraft:smooth_slate_stairs":2,"apocalypsenow:golf_stick":72,"minecraft:andesite":9,"minecraft:smooth_stone_slab":4,"apocalypsenow:cereal":1,"embellishcraft:polished_marble":5,"pfm:oak_gray_simple_bed":2,"pfm:oak_brown_simple_bed":5,"minecraft:stone_sword":114,"minecraft:flint_and_steel":8,"minecraft:spruce_planks":1,"minecraft:brown_shulker_box":10,"minecraft:torch":75,"minecraft:dirt":1,"apocalypsenow:grape_juice":1,"farmersdelight:stuffed_pumpkin_block":1,"minecraft:dark_oak_planks":2,"apocalypsenow:gardening_axe":18,"minecraft:smooth_quartz":2,"apocalypsenow:porpsi":3,"apocalypsenow:night_stick":3,"minecraft:iron_leggings":1,"embellishcraft:smooth_basalt_slab":1,"create:brass_block":1,"minecraft:birch_planks":2,"minecraft:glass_bottle":5,"minecraft:crafting_table":1,"minecraft:gray_terracotta":2,"quark:oak_hedge":1,"minecraft:iron_pickaxe":244,"cgm:grenade":3,"minecraft:potion":36,"farmersdelight:egg_sandwich":1,"chalk:blue_chalk":5,"apocalypsenow:peach_juice":2,"cfm:light_gray_sofa":1,"pfm:basic_toilet":1},"minecraft:dropped":{"apocalypsenow:blue_football_armor_helmet":1,"minecraft:glass_bottle":9,"tac:round45":31,"artifacts:shock_pendant":1,"tac:m1911":1,"apocalypsenow:police_leggings":1,"minecraft:leather":2,"sophisticatedbackpacks:gold_backpack":2,"refinedstorage:4k_storage_part":1,"minecraft:cyan_terracotta":8,"artifacts:thorn_pendant":1,"rocks:cobblestone_splitter":1,"apocalypsenow:construction_leggings":1,"apocalypsenow:night_stick":2,"apocalypsenow:open_canned_melon":3,"apocalypsenow:construction_boots":6,"embellishcraft:smooth_basalt":1,"apocalypsenow:fire_figther_boots":3,"embellishcraft:air_duct":4,"apocalypsenow:construction_helmet":1,"apocalypsenow:can":5,"apocalypsenow:u_sarmy_helmet":2,"minecraft:dark_oak_planks":4,"minecraft:bone":76,"embellishcraft:smooth_slate_stairs":2,"apocalypsenow:small_can":1,"minecraft:wheat":2,"pfm:oak_brown_simple_bed":1,"minecraft:rotten_flesh":12,"apocalypsenow:money":8,"minecraft:brown_shulker_box":1,"apocalypsenow:baseball_bat":2,"minecraft:leather_chestplate":1,"farmersdelight:cooked_chicken_cuts":1,"artifacts:umbrella":2,"minecraft:heavy_weighted_pressure_plate":1,"apocalypsenow:dagger":4,"minecraft:leather_boots":1,"apocalypsenow:butterfly_knife":1,"apocalypsenow:blue_football_armor_boots":1,"apocalypsenow:human_flesh":6,"minecraft:iron_ingot":2,"apocalypsenow:police_boots":4,"apocalypsenow:gardening_axe":2,"minecraft:lilac":2,"quark:iron_button":1,"tac:glock_17":1,"minecraft:iron_helmet":1,"apocalypsenow:tatical_mace":1,"minecraft:stick":5,"minecraft:torch":1,"minecraft:smooth_quartz":13,"minecraft:iron_door":15,"pfm:basic_toilet":1,"minecraft:smooth_stone":2,"artifacts:feral_claws":1,"minecraft:string":38,"minecraft:stone_brick_slab":2,"cfm:gray_picket_fence":1,"minecraft:bricks":2,"alexsmobs:maggot":2,"embellishcraft:smooth_marble":1,"apocalypsenow:police_chestplate":1,"apocalypsenow:cloth":12,"farmersdelight:minced_beef":4,"minecraft:stone_bricks":1,"firstaid:plaster":2,"tac:9mm_round":1,"farmersdelight:spruce_cabinet":1,"apocalypsenow:open_canned_pork":2,"minecraft:quartz_slab":3}},"DataVersion":2975}