{"stats":{"minecraft:killed":{"undead_revamp2:thesmoker":4,"zombie_extreme:runner":3,"undead_revamp2:crackleball":3,"zombie_extreme:crawler":2,"minecraft:husk":6,"undead_revamp2:the_moonflower":3,"minecraft:zombie":135,"mutationcraft:human_herder":1,"minecraft:cow":1},"minecraft:used":{"pfm:oak_brown_simple_bed":1,"minecraft:stone_sword":114,"minecraft:flint_and_steel":6,"minecraft:brown_shulker_box":4,"minecraft:torch":30,"apocalypsenow:grape_juice":1,"minecraft:snowball":2,"createbigcannons:traffic_cone":1,"embellishcraft:smooth_marble":1,"minecraft:cyan_terracotta":1,"cfm:stripped_dark_oak_table":1,"minecraft:golden_sword":32,"apocalypsenow:porpsi":1,"apocalypsenow:night_stick":3,"embellishcraft:smooth_basalt_slab":1,"minecraft:iron_leggings":1,"create:brass_block":1,"minecraft:birch_planks":2,"minecraft:glass_bottle":5,"minecraft:stone_pickaxe":256,"minecraft:wooden_pickaxe":43,"minecraft:smooth_quartz_stairs":1,"minecraft:crafting_table":1,"apocalypsenow:tatical_mace":357,"minecraft:bread":1,"quark:oak_hedge":1,"cgm:grenade":2,"minecraft:iron_door":1,"pfm:dark_oak_green_simple_bed":1,"embellishcraft:smooth_slate_stairs":2,"minecraft:potion":9,"chalk:blue_chalk":5,"apocalypsenow:peach_juice":2,"apocalypsenow:golf_stick":65,"minecraft:andesite":9,"pfm:basic_toilet":1,"embellishcraft:polished_marble":2},"minecraft:dropped":{"apocalypsenow:human_flesh":6,"apocalypsenow:police_boots":3,"minecraft:lilac":2,"minecraft:glass_bottle":6,"tac:round45":31,"artifacts:shock_pendant":1,"tac:glock_17":1,"apocalypsenow:police_leggings":1,"minecraft:leather":2,"refinedstorage:4k_storage_part":1,"minecraft:stick":1,"sophisticatedbackpacks:gold_backpack":2,"minecraft:cyan_terracotta":8,"embellishcraft:smooth_basalt":1,"apocalypsenow:construction_boots":1,"apocalypsenow:night_stick":2,"apocalypsenow:construction_leggings":1,"minecraft:torch":1,"minecraft:smooth_quartz":13,"apocalypsenow:fire_figther_boots":3,"minecraft:iron_door":5,"embellishcraft:air_duct":4,"pfm:basic_toilet":1,"minecraft:smooth_stone":2,"minecraft:string":16,"minecraft:dark_oak_planks":2,"minecraft:stone_brick_slab":2,"minecraft:bone":38,"minecraft:bricks":2,"embellishcraft:smooth_slate_stairs":2,"apocalypsenow:small_can":1,"embellishcraft:smooth_marble":1,"minecraft:wheat":2,"pfm:oak_brown_simple_bed":1,"minecraft:rotten_flesh":4,"apocalypsenow:police_chestplate":1,"apocalypsenow:money":8,"apocalypsenow:baseball_bat":2,"minecraft:leather_chestplate":1,"artifacts:umbrella":2,"minecraft:heavy_weighted_pressure_plate":1,"apocalypsenow:dagger":4,"minecraft:leather_boots":1,"farmersdelight:spruce_cabinet":1},"minecraft:broken":{"apocalypsenow:construction_boots":2,"minecraft:stone_sword":1,"minecraft:wooden_pickaxe":1,"minecraft:stone_pickaxe":1,"minecraft:golden_sword":1,"apocalypsenow:u_sarmy_chestplate":1},"minecraft:mined":{"minecraft:dark_oak_planks":1,"quark:smooth_quartz_vertical_slab":8,"embellishcraft:air_duct":4,"embellishcraft:smooth_marble_wall":1,"minecraft:stripped_birch_log":6,"embellishcraft:basalt_large_bricks_slab":2,"minecraft:spruce_leaves":3,"pfm:oak_brown_simple_bed":2,"minecraft:moss_block":1,"minecraft:spawner":18,"embellishcraft:smooth_basalt":6,"minecraft:smooth_stone":5,"quark:birch_bookshelf":1,"farmersdelight:spruce_cabinet":1,"minecraft:snow":1,"rocks:oak_stick":5,"minecraft:andesite":20,"quark:polished_calcite":3,"rocks:birch_stick":2,"minecraft:smooth_quartz_stairs":2,"minecraft:stone":57,"minecraft:iron_block":3,"minecraft:white_wool":8,"minecraft:brown_shulker_box":6,"minecraft:quartz_block":1,"minecraft:cyan_terracotta":28,"another_furniture:green_stool":3,"minecraft:stone_brick_slab":2,"minecraft:torch":6,"minecraft:gray_stained_glass":6,"pfm:wall_toilet_paper":1,"embellishcraft:polished_marble":7,"embellishcraft:smooth_slate_stairs":2,"biomesoplenty:sprout":22,"cfm:stripped_dark_oak_table":1,"minecraft:bricks":5,"createaddition:barbed_wire":2,"minecraft:diorite":5,"minecraft:iron_door":5,"minecraft:wall_torch":6,"rocks:spruce_stick":1,"pfm:basic_toilet":1,"minecraft:light_gray_stained_glass":3,"minecraft:lilac":2,"embellishcraft:smooth_marble":5,"create:vertical_framed_glass_pane":3,"minecraft:oak_log":5,"minecraft:coal_ore":50,"quark:oak_hedge":2,"create:framed_glass_trapdoor":1,"minecraft:dirt":15,"minecraft:smooth_quartz":1,"minecraft:cobweb":14,"cfm:cyan_kitchen_counter":1,"minecraft:stone_bricks":4,"quark:polished_calcite_vertical_slab":1,"minecraft:oak_leaves":7},"minecraft:killed_by":{"minecraft:player":4,"zombie_extreme:infected_police":1,"minecraft:zombie":1},"minecraft:custom":{"lootr:looted_stat":38,"minecraft:mob_kills":178,"minecraft:interact_with_crafting_table":7,"minecraft:open_barrel":1,"minecraft:open_shulker_box":6,"minecraft:damage_dealt_resisted":52,"minecraft:leave_game":2,"minecraft:time_since_death":25252,"minecraft:climb_one_cm":41423,"minecraft:sprint_one_cm":155719,"minecraft:walk_one_cm":897309,"minecraft:drop":102,"minecraft:chair_used":1,"minecraft:talked_to_villager":12,"minecraft:play_time":202469,"minecraft:deaths":10,"minecraft:sneak_time":3700,"minecraft:walk_under_water_one_cm":1597,"minecraft:jump":1595,"minecraft:walk_on_water_one_cm":7346,"minecraft:total_world_time":202469,"minecraft:interact_with_furnace":2,"minecraft:toilet_used":1,"minecraft:interact_with_loom":1,"minecraft:stove_opened":1,"minecraft:trashcan_opened":2,"minecraft:sleep_in_bed":4,"minecraft:time_since_rest":1933,"minecraft:cabinet_searched":1,"minecraft:damage_taken":3501,"minecraft:damage_dealt":18894,"minecraft:freezer_opened":7,"minecraft:fly_one_cm":206004,"minecraft:player_kills":1,"minecraft:crouch_one_cm":7614,"minecraft:fall_one_cm":29220},"minecraft:crafted":{"farmersdelight:cooked_chicken_cuts":1,"minecraft:golden_sword":1,"minecraft:air":27,"minecraft:stone_sword":1},"minecraft:picked_up":{"sophisticatedbackpacks:gold_backpack":1,"minecraft:wheat":4,"tac:glock_17":1,"apocalypsenow:fire_figther_boots":5,"artifacts:umbrella":1,"apocalypsenow:u_sarmy_helmet":1,"refinedstorage:controller":1,"minecraft:heavy_weighted_pressure_plate":1,"minecraft:string":201,"cfm:stripped_dark_oak_table":1,"minecraft:iron_leggings":1,"create:sweet_roll":4,"apocalypsenow:night_stick":1,"minecraft:smooth_stone":2,"embellishcraft:smooth_basalt":2,"apocalypsenow:construction_boots":3,"minecraft:spruce_planks":2,"minecraft:beef":7,"minecraft:smooth_quartz":13,"minecraft:smooth_quartz_stairs":1,"minecraft:stick":8,"artifacts:universal_attractor":1,"embellishcraft:smooth_marble":7,"embellishcraft:basalt_large_bricks_slab":7,"car:canister":1,"minecraft:torch":26,"minecraft:diorite":5,"minecraft:carrot":2,"refinedstorage:4k_storage_part":1,"minecraft:dark_oak_planks":2,"minecraft:rotten_flesh":183,"apocalypsenow:baseball_bat":1,"pfm:oak_brown_simple_bed":2,"minecraft:brown_shulker_box":5,"minecraft:iron_block":5,"minecraft:cyan_terracotta":21,"embellishcraft:smooth_slate_stairs":4,"apocalypsenow:police_boots":3,"minecraft:snowball":2,"apocalypsenow:money_block":5,"minecraft:cobblestone":56,"tac:round45":38,"minecraft:lilac":2,"minecraft:iron_door":12,"apocalypsenow:coffee":5,"minecraft:andesite":20,"minecraft:leather":2,"minecraft:potato":10,"apocalypsenow:orange_juice":3,"apocalypsenow:cereal":5,"minecraft:oak_log":5,"create:brass_block":1,"embellishcraft:polished_marble":2,"artifacts:cloud_in_a_bottle":1,"minecraft:gunpowder":33,"minecraft:stripped_birch_log":7,"minecraft:dirt":15,"artifacts:shock_pendant":1,"minecraft:leather_boots":1,"minecraft:bone":176,"apocalypsenow:construction_leggings":1,"another_furniture:green_stool":1,"solcarrot:food_book":2,"apocalypsenow:human_flesh":8,"apocalypsenow:money":15,"pfm:basic_toilet":2,"apocalypsenow:cloth":4,"tac:9mm_round":25,"minecraft:glass_bottle":6,"quark:light_gray_shard":5,"firstaid:plaster":2,"apocalypsenow:canned_carrot":4,"apocalypsenow:u_sarmy_chestplate":1,"contenttweaker:resistant_fabric":2,"farmersdelight:spruce_cabinet":2,"minecraft:stone_brick_slab":2,"createbigcannons:traffic_cone":1,"apocalypsenow:dagger":6,"minecraft:pumpkin_seeds":7,"embellishcraft:basalt_large_bricks":2,"xpbook:xp_tome":1,"embellishcraft:green_couch":1,"embellishcraft:smooth_marble_wall":1,"quark:oak_hedge":2,"embellishcraft:air_duct":8,"tac:762x39":24,"quark:gray_shard":22,"minecraft:oak_sapling":2,"pfm:dark_oak_green_simple_bed":1,"minecraft:bricks":2,"minecraft:coal":51}},"DataVersion":2975}