{"stats":{"minecraft:killed":{"minecraft:zombie":7,"undead_revamp2:thesmoker":1,"zombie_extreme:runner":1,"undead_revamp2:crackleball":1,"minecraft:cow":1},"minecraft:crafted":{"minecraft:stone_sword":1,"minecraft:golden_sword":1,"minecraft:air":21},"minecraft:dropped":{"minecraft:torch":1,"minecraft:leather":2,"minecraft:smooth_stone":1},"minecraft:used":{"createbigcannons:traffic_cone":1,"minecraft:stone_sword":3,"minecraft:glass_bottle":5,"minecraft:bread":1,"minecraft:wooden_pickaxe":25,"minecraft:golden_sword":32,"minecraft:potion":5,"minecraft:crafting_table":1,"chalk:blue_chalk":5},"minecraft:killed_by":{"zombie_extreme:infected_police":1},"minecraft:broken":{"minecraft:golden_sword":1},"minecraft:picked_up":{"tac:round45":1,"firstaid:plaster":1,"minecraft:stick":7,"artifacts:universal_attractor":1,"minecraft:lilac":2,"car:canister":1,"minecraft:leather":2,"minecraft:stone_brick_slab":2,"minecraft:torch":2,"minecraft:oak_log":5,"createbigcannons:traffic_cone":1,"minecraft:gunpowder":2,"minecraft:heavy_weighted_pressure_plate":1,"minecraft:dirt":2,"minecraft:string":28,"minecraft:leather_boots":1,"minecraft:bone":14,"minecraft:rotten_flesh":7,"solcarrot:food_book":2,"minecraft:smooth_stone":1,"minecraft:beef":7,"minecraft:oak_sapling":2,"quark:gray_shard":13,"tac:9mm_round":2,"minecraft:cobblestone":12},"minecraft:mined":{"rocks:spruce_stick":1,"rocks:oak_stick":5,"minecraft:lilac":2,"minecraft:stone_brick_slab":2,"minecraft:oak_log":5,"rocks:birch_stick":2,"minecraft:gray_stained_glass":2,"minecraft:dirt":2,"embellishcraft:polished_marble":1,"minecraft:stone":11,"minecraft:oak_leaves":7,"minecraft:spawner":1},"minecraft:custom":{"minecraft:time_since_rest":2274,"lootr:looted_stat":4,"minecraft:sprint_one_cm":67634,"minecraft:damage_taken":1071,"minecraft:walk_one_cm":175430,"minecraft:mob_kills":17,"minecraft:drop":4,"minecraft:damage_dealt":1324,"minecraft:interact_with_crafting_table":3,"minecraft:fly_one_cm":101227,"minecraft:crouch_one_cm":2952,"minecraft:play_time":41381,"minecraft:deaths":4,"minecraft:sneak_time":851,"minecraft:walk_under_water_one_cm":808,"minecraft:jump":528,"minecraft:time_since_death":0,"minecraft:walk_on_water_one_cm":2859,"minecraft:total_world_time":41381,"minecraft:climb_one_cm":13688,"minecraft:fall_one_cm":7747}},"DataVersion":2975}