{"stats":{"minecraft:killed":{"undead_revamp2:thesmoker":2,"minecraft:zombie":7,"zombie_extreme:runner":1,"undead_revamp2:crackleball":1,"minecraft:cow":1},"minecraft:crafted":{"minecraft:air":25,"farmersdelight:cooked_chicken_cuts":1,"minecraft:stone_sword":1,"minecraft:golden_sword":1},"minecraft:dropped":{"minecraft:lilac":2,"apocalypsenow:small_can":1,"minecraft:glass_bottle":6,"minecraft:leather":2,"refinedstorage:4k_storage_part":1,"minecraft:heavy_weighted_pressure_plate":1,"minecraft:torch":1,"minecraft:smooth_stone":1,"minecraft:string":4,"minecraft:stone_brick_slab":2},"minecraft:used":{"minecraft:stone_sword":21,"minecraft:birch_planks":2,"minecraft:glass_bottle":5,"minecraft:wooden_pickaxe":42,"minecraft:torch":1,"minecraft:crafting_table":1,"createbigcannons:traffic_cone":1,"embellishcraft:smooth_marble":1,"minecraft:bread":1,"minecraft:golden_sword":32,"minecraft:potion":6,"apocalypsenow:porpsi":1,"chalk:blue_chalk":5,"embellishcraft:smooth_basalt_slab":1},"minecraft:killed_by":{"minecraft:player":1,"zombie_extreme:infected_police":1},"minecraft:broken":{"minecraft:golden_sword":1},"minecraft:picked_up":{"tac:round45":1,"minecraft:lilac":2,"minecraft:leather":2,"minecraft:oak_log":5,"refinedstorage:controller":1,"minecraft:gunpowder":2,"minecraft:heavy_weighted_pressure_plate":1,"minecraft:stripped_birch_log":7,"minecraft:string":31,"minecraft:dirt":12,"create:sweet_roll":4,"minecraft:leather_boots":1,"minecraft:bone":14,"another_furniture:green_stool":1,"solcarrot:food_book":2,"apocalypsenow:human_flesh":1,"minecraft:smooth_stone":1,"minecraft:beef":7,"minecraft:glass_bottle":5,"tac:9mm_round":2,"firstaid:plaster":1,"minecraft:stick":7,"artifacts:universal_attractor":1,"embellishcraft:smooth_marble":1,"car:canister":1,"minecraft:stone_brick_slab":2,"minecraft:torch":2,"createbigcannons:traffic_cone":1,"refinedstorage:4k_storage_part":1,"minecraft:rotten_flesh":7,"xpbook:xp_tome":1,"quark:gray_shard":22,"minecraft:oak_sapling":2,"minecraft:coal":1,"minecraft:cobblestone":12},"minecraft:mined":{"another_furniture:green_stool":3,"minecraft:stripped_birch_log":6,"minecraft:stone_brick_slab":2,"minecraft:gray_stained_glass":6,"embellishcraft:polished_marble":1,"pfm:wall_toilet_paper":1,"biomesoplenty:sprout":18,"minecraft:wall_torch":1,"minecraft:spawner":1,"rocks:spruce_stick":1,"rocks:oak_stick":5,"minecraft:lilac":2,"minecraft:oak_log":5,"rocks:birch_stick":2,"minecraft:dirt":12,"minecraft:cobweb":4,"minecraft:stone":11,"minecraft:oak_leaves":7},"minecraft:custom":{"lootr:looted_stat":5,"minecraft:mob_kills":22,"minecraft:interact_with_crafting_table":4,"minecraft:interact_with_loom":1,"minecraft:stove_opened":1,"minecraft:damage_dealt_resisted":46,"minecraft:time_since_death":11238,"minecraft:sleep_in_bed":1,"minecraft:climb_one_cm":18848,"minecraft:time_since_rest":6016,"minecraft:sprint_one_cm":88676,"minecraft:damage_taken":1373,"minecraft:walk_one_cm":276549,"minecraft:drop":20,"minecraft:damage_dealt":1702,"minecraft:chair_used":1,"minecraft:freezer_opened":2,"minecraft:fly_one_cm":137616,"minecraft:crouch_one_cm":3090,"minecraft:deaths":5,"minecraft:play_time":65381,"minecraft:sneak_time":1074,"minecraft:walk_under_water_one_cm":808,"minecraft:jump":757,"minecraft:walk_on_water_one_cm":3264,"minecraft:total_world_time":65381,"minecraft:fall_one_cm":11118}},"DataVersion":2975}