{"stats":{"minecraft:killed":{"zombie_extreme:crawler":2,"minecraft:husk":3,"minecraft:zombie":25,"undead_revamp2:the_moonflower":1,"undead_revamp2:thesmoker":2},"minecraft:used":{"farmersdelight:chicken_soup":2,"pfm:oak_brown_simple_bed":2,"farmersdelight:fried_rice":1,"minecraft:wooden_pickaxe":13,"minecraft:iron_sword":2,"apocalypsenow:dagger":194,"minecraft:torch":17,"minecraft:potion":9,"apocalypsenow:combat_knife":4},"minecraft:dropped":{"minecraft:bread":1,"minecraft:leather_chestplate":2,"apocalypsenow:construction_chestplate":1,"apocalypsenow:construction_leggings":1,"apocalypsenow:dagger":1,"minecraft:rotten_flesh":3,"apocalypsenow:nurse_helmet":1,"embellishcraft:white_steel_door":1,"minecraft:string":14,"minecraft:pumpkin_seeds":2,"minecraft:bone":50},"minecraft:mined":{"embellishcraft:white_steel_door":4,"minecraft:grass_block":3,"minecraft:dirt":2,"minecraft:cobblestone":1,"biomesoplenty:sprout":1,"minecraft:stone_bricks":2,"pfm:oak_brown_simple_bed":3,"minecraft:iron_door":5},"minecraft:killed_by":{"minecraft:zombie":2},"minecraft:custom":{"minecraft:time_since_rest":26427,"minecraft:interact_with_furnace":4,"lootr:looted_stat":14,"minecraft:sprint_one_cm":246467,"minecraft:damage_taken":805,"minecraft:walk_one_cm":173150,"minecraft:interact_with_anvil":2,"minecraft:mob_kills":29,"minecraft:drop":28,"minecraft:damage_dealt":3600,"minecraft:toilet_used":2,"minecraft:talked_to_villager":3,"minecraft:fly_one_cm":118196,"minecraft:player_kills":1,"minecraft:crouch_one_cm":2408,"minecraft:play_time":42629,"minecraft:deaths":2,"minecraft:sneak_time":347,"minecraft:jump":762,"minecraft:interact_with_brewingstand":1,"minecraft:leave_game":2,"minecraft:time_since_death":26397,"minecraft:total_world_time":42629,"minecraft:climb_one_cm":20999,"minecraft:fall_one_cm":18450},"minecraft:picked_up":{"tac:round45":1,"minecraft:leather_chestplate":1,"minecraft:iron_door":7,"minecraft:potato":1,"sophisticatedbackpacks:backpack":1,"apocalypsenow:u_sarmy_helmet":2,"minecraft:spruce_sapling":1,"immersivepetroleum:asphalt":2,"minecraft:carrot":1,"apocalypsenow:construction_chestplate":3,"apocalypsenow:dagger":1,"minecraft:dirt":5,"embellishcraft:white_steel_door":3,"apocalypsenow:fire_figther_leggings":2,"minecraft:string":56,"minecraft:bone":104,"minecraft:rotten_flesh":31,"apocalypsenow:construction_leggings":1,"minecraft:stone_bricks":1,"xpbook:xp_tome":1,"apocalypsenow:human_flesh":3,"pfm:oak_brown_simple_bed":3,"apocalypsenow:money":1,"tac:9mm_round":4,"minecraft:iron_sword":1,"minecraft:coal":5,"apocalypsenow:construction_barricade":1}},"DataVersion":2975}