{"stats":{"minecraft:killed":{"zombie_extreme:crawler":1,"minecraft:husk":3,"minecraft:zombie":13},"minecraft:used":{"pfm:oak_brown_simple_bed":2,"minecraft:wooden_pickaxe":9,"apocalypsenow:dagger":95,"minecraft:torch":10,"minecraft:potion":6},"minecraft:dropped":{"minecraft:leather_chestplate":2,"apocalypsenow:construction_chestplate":1,"apocalypsenow:construction_leggings":1,"apocalypsenow:dagger":1},"minecraft:mined":{"embellishcraft:white_steel_door":3,"minecraft:grass_block":3,"minecraft:dirt":2,"biomesoplenty:sprout":1,"pfm:oak_brown_simple_bed":3,"minecraft:iron_door":5},"minecraft:killed_by":{"minecraft:zombie":2},"minecraft:custom":{"minecraft:time_since_rest":14784,"minecraft:interact_with_furnace":3,"lootr:looted_stat":12,"minecraft:sprint_one_cm":146743,"minecraft:damage_taken":537,"minecraft:walk_one_cm":108823,"minecraft:mob_kills":12,"minecraft:drop":5,"minecraft:damage_dealt":1449,"minecraft:toilet_used":2,"minecraft:talked_to_villager":3,"minecraft:fly_one_cm":74142,"minecraft:player_kills":1,"minecraft:crouch_one_cm":2303,"minecraft:play_time":30986,"minecraft:deaths":2,"minecraft:sneak_time":341,"minecraft:jump":460,"minecraft:interact_with_brewingstand":1,"minecraft:leave_game":1,"minecraft:time_since_death":14754,"minecraft:total_world_time":30986,"minecraft:climb_one_cm":16443,"minecraft:fall_one_cm":10444},"minecraft:picked_up":{"tac:round45":1,"minecraft:leather_chestplate":1,"minecraft:iron_door":7,"apocalypsenow:u_sarmy_helmet":2,"minecraft:spruce_sapling":1,"immersivepetroleum:asphalt":2,"minecraft:carrot":1,"apocalypsenow:construction_chestplate":2,"apocalypsenow:dagger":1,"minecraft:dirt":5,"embellishcraft:white_steel_door":2,"apocalypsenow:fire_figther_leggings":2,"minecraft:string":16,"minecraft:bone":24,"minecraft:rotten_flesh":29,"apocalypsenow:construction_leggings":1,"apocalypsenow:human_flesh":3,"pfm:oak_brown_simple_bed":3,"apocalypsenow:money":1,"tac:9mm_round":3,"apocalypsenow:construction_barricade":1}},"DataVersion":2975}