{"stats":{"minecraft:killed":{"minecraft:zombie":1},"minecraft:used":{"apocalypsenow:dagger":3,"pfm:oak_brown_simple_bed":2},"minecraft:mined":{"pfm:oak_brown_simple_bed":3},"minecraft:custom":{"minecraft:time_since_rest":6986,"minecraft:crouch_one_cm":959,"minecraft:sprint_one_cm":37584,"lootr:looted_stat":2,"minecraft:play_time":6986,"minecraft:damage_taken":45,"minecraft:walk_one_cm":21089,"minecraft:sneak_time":111,"minecraft:mob_kills":1,"minecraft:jump":81,"minecraft:damage_dealt":100,"minecraft:leave_game":1,"minecraft:time_since_death":6986,"minecraft:climb_one_cm":136,"minecraft:toilet_used":2,"minecraft:total_world_time":6986,"minecraft:fall_one_cm":1797,"minecraft:fly_one_cm":15318},"minecraft:picked_up":{"minecraft:bone":2,"minecraft:rotten_flesh":1,"pfm:oak_brown_simple_bed":3}},"DataVersion":2975}