{"stats":{"minecraft:killed":{"minecraft:husk":1,"minecraft:zombie":9},"minecraft:used":{"pfm:oak_brown_simple_bed":2,"minecraft:wooden_pickaxe":7,"apocalypsenow:dagger":72,"minecraft:torch":6,"minecraft:potion":3},"minecraft:dropped":{"minecraft:leather_chestplate":1,"apocalypsenow:dagger":1},"minecraft:mined":{"embellishcraft:white_steel_door":3,"minecraft:grass_block":3,"minecraft:dirt":2,"pfm:oak_brown_simple_bed":3,"minecraft:iron_door":4},"minecraft:killed_by":{"minecraft:zombie":2},"minecraft:custom":{"minecraft:time_since_rest":2784,"minecraft:interact_with_furnace":2,"lootr:looted_stat":4,"minecraft:sprint_one_cm":92913,"minecraft:damage_taken":417,"minecraft:walk_one_cm":72433,"minecraft:mob_kills":9,"minecraft:drop":2,"minecraft:damage_dealt":1103,"minecraft:toilet_used":2,"minecraft:fly_one_cm":48730,"minecraft:player_kills":1,"minecraft:crouch_one_cm":2233,"minecraft:play_time":18986,"minecraft:deaths":2,"minecraft:sneak_time":332,"minecraft:jump":278,"minecraft:interact_with_brewingstand":1,"minecraft:leave_game":1,"minecraft:time_since_death":2754,"minecraft:total_world_time":18986,"minecraft:climb_one_cm":5508,"minecraft:fall_one_cm":4919},"minecraft:picked_up":{"tac:round45":1,"minecraft:leather_chestplate":1,"minecraft:iron_door":5,"apocalypsenow:u_sarmy_helmet":2,"minecraft:spruce_sapling":1,"immersivepetroleum:asphalt":2,"minecraft:carrot":1,"apocalypsenow:construction_chestplate":1,"apocalypsenow:dagger":1,"minecraft:dirt":5,"embellishcraft:white_steel_door":2,"apocalypsenow:fire_figther_leggings":1,"minecraft:string":10,"minecraft:bone":16,"minecraft:rotten_flesh":17,"apocalypsenow:human_flesh":3,"pfm:oak_brown_simple_bed":3,"tac:9mm_round":2,"apocalypsenow:construction_barricade":1}},"DataVersion":2975}