{"stats":{"minecraft:killed":{"zombie_extreme:crawler":1,"minecraft:husk":3,"minecraft:zombie":19,"undead_revamp2:the_moonflower":1,"undead_revamp2:thesmoker":2},"minecraft:dropped":{"minecraft:leather_chestplate":2,"apocalypsenow:construction_chestplate":1,"apocalypsenow:construction_leggings":1,"apocalypsenow:dagger":1},"minecraft:used":{"farmersdelight:chicken_soup":1,"pfm:oak_brown_simple_bed":2,"farmersdelight:fried_rice":1,"minecraft:wooden_pickaxe":9,"apocalypsenow:dagger":173,"minecraft:torch":12,"minecraft:potion":8},"minecraft:mined":{"embellishcraft:white_steel_door":3,"minecraft:grass_block":3,"minecraft:dirt":2,"biomesoplenty:sprout":1,"pfm:oak_brown_simple_bed":3,"minecraft:iron_door":5},"minecraft:killed_by":{"minecraft:zombie":2},"minecraft:custom":{"minecraft:time_since_rest":20784,"minecraft:interact_with_furnace":4,"lootr:looted_stat":12,"minecraft:sprint_one_cm":201801,"minecraft:damage_taken":708,"minecraft:walk_one_cm":146720,"minecraft:mob_kills":22,"minecraft:drop":5,"minecraft:damage_dealt":2986,"minecraft:toilet_used":2,"minecraft:talked_to_villager":3,"minecraft:fly_one_cm":100481,"minecraft:player_kills":1,"minecraft:crouch_one_cm":2314,"minecraft:play_time":36986,"minecraft:deaths":2,"minecraft:sneak_time":342,"minecraft:jump":648,"minecraft:interact_with_brewingstand":1,"minecraft:leave_game":1,"minecraft:time_since_death":20754,"minecraft:total_world_time":36986,"minecraft:climb_one_cm":20999,"minecraft:fall_one_cm":14094},"minecraft:picked_up":{"tac:round45":1,"minecraft:leather_chestplate":1,"minecraft:iron_door":7,"apocalypsenow:u_sarmy_helmet":2,"minecraft:spruce_sapling":1,"immersivepetroleum:asphalt":2,"minecraft:carrot":1,"apocalypsenow:construction_chestplate":2,"apocalypsenow:dagger":1,"minecraft:dirt":5,"embellishcraft:white_steel_door":2,"apocalypsenow:fire_figther_leggings":2,"minecraft:string":46,"minecraft:bone":44,"minecraft:rotten_flesh":29,"apocalypsenow:construction_leggings":1,"xpbook:xp_tome":1,"apocalypsenow:human_flesh":3,"pfm:oak_brown_simple_bed":3,"apocalypsenow:money":1,"tac:9mm_round":4,"apocalypsenow:construction_barricade":1}},"DataVersion":2975}