{"stats":{"minecraft:killed":{"minecraft:husk":2,"undead_revamp2:the_moonflower":1,"undead_revamp2:thesmoker":1,"undead_revamp2:theordure":1,"minecraft:zombie":11,"alexsmobs:fly":1,"zombie_extreme:runner":3,"undead_revamp2:crackleball":1,"minecraft:cow":2},"minecraft:crafted":{"minecraft:oak_planks":8,"minecraft:crafting_table":1,"minecraft:air":8},"minecraft:dropped":{"minecraft:iron_ingot":3,"createbigcannons:traffic_cone":1,"artifacts:universal_attractor":1,"minecraft:dirt":1,"chalk:red_chalk":1,"minecraft:torch":6,"minecraft:leather_boots":1,"solcarrot:food_book":2,"refinedstorage:1k_storage_part":4,"minecraft:wooden_pickaxe":1,"minecraft:stone_brick_slab":1},"minecraft:used":{"minecraft:wooden_pickaxe":25,"farmersdelight:melon_juice":1,"minecraft:torch":16,"minecraft:dirt":2,"minecraft:crafting_table":1,"apocalypsenow:orange_juice":1,"apocalypsenow:baseball_bat":10,"minecraft:heavy_weighted_pressure_plate":1,"minecraft:bread":3,"minecraft:leather_helmet":1,"minecraft:spruce_sapling":1,"apocalypsenow:dagger":107,"chalk:red_chalk":38,"minecraft:potion":6},"minecraft:killed_by":{"undead_revamp2:thepregnant":1,"zombie_extreme:infected_police":1},"minecraft:picked_up":{"minecraft:wooden_pickaxe":1,"minecraft:oak_log":2,"minecraft:heavy_weighted_pressure_plate":1,"minecraft:string":21,"minecraft:dirt":3,"minecraft:bone":18,"solcarrot:food_book":2,"apocalypsenow:human_flesh":4,"minecraft:iron_ingot":3,"minecraft:glass_bottle":1,"tac:9mm_round":3,"minecraft:quartz_stairs":3,"minecraft:oak_planks":8,"quark:light_gray_shard":6,"firstaid:plaster":1,"minecraft:stick":2,"simplylight:illuminant_panel":1,"chalk:red_chalk":1,"minecraft:stone_brick_slab":1,"minecraft:torch":6,"embellishcraft:smooth_basalt_slab":1,"minecraft:spruce_sapling":1,"createbigcannons:traffic_cone":4,"minecraft:leather_helmet":1,"minecraft:rotten_flesh":12,"refinedstorage:1k_storage_part":4,"minecraft:cobblestone":2},"minecraft:mined":{"minecraft:quartz_stairs":2,"simplylight:illuminant_panel":1,"createbigcannons:traffic_cone":4,"minecraft:grass_block":3,"minecraft:gray_stained_glass":2,"embellishcraft:smooth_basalt_slab":1,"minecraft:spruce_leaves":3,"minecraft:spawner":12,"minecraft:black_stained_glass_pane":2,"minecraft:light_gray_stained_glass":2,"minecraft:birch_leaves":2,"minecraft:oak_log":2,"rocks:birch_stick":1,"minecraft:cobweb":1,"minecraft:stone":2,"minecraft:oak_leaves":1},"minecraft:custom":{"lootr:looted_stat":10,"minecraft:mob_kills":21,"minecraft:interact_with_anvil":1,"minecraft:interact_with_crafting_table":2,"minecraft:leave_game":1,"minecraft:time_since_death":1899,"minecraft:climb_one_cm":20633,"minecraft:time_since_rest":1959,"minecraft:sprint_one_cm":134213,"minecraft:damage_taken":1336,"minecraft:walk_one_cm":280029,"minecraft:drop":14,"minecraft:damage_dealt":2272,"minecraft:chair_used":1,"minecraft:damage_dealt_absorbed":20,"minecraft:talked_to_villager":2,"minecraft:fly_one_cm":361422,"minecraft:crouch_one_cm":5318,"minecraft:play_time":62131,"minecraft:deaths":4,"minecraft:sneak_time":1878,"minecraft:jump":803,"minecraft:walk_on_water_one_cm":385,"minecraft:total_world_time":62131,"minecraft:fall_one_cm":25684}},"DataVersion":2975}