{"stats":{"minecraft:killed":{"undead_revamp2:thesmoker":3,"alexsmobs:seagull":1,"undead_revamp2:bomber":2,"zombie_extreme:runner":6,"undead_revamp2:crackleball":1,"zombie_extreme:crawler":3,"minecraft:husk":6,"undead_revamp2:the_moonflower":9,"undead_revamp2:theordure":1,"minecraft:zombie":73,"zombie_extreme:infected_police":5,"alexsmobs:fly":2,"mutationcraft:human_herder":1,"minecraft:cow":2},"minecraft:crafted":{"minecraft:oak_planks":8,"farmersdelight:cabbage":9,"firstaid:plaster":9,"minecraft:potato":9,"farmersdelight:cooked_chicken_cuts":1,"minecraft:stone_pickaxe":1,"minecraft:crafting_table":2,"minecraft:iron_sword":1,"minecraft:birch_planks":8,"minecraft:air":14,"minecraft:string":12,"minecraft:white_wool":17,"minecraft:stick":4,"minecraft:stone_sword":1,"minecraft:carrot":9},"minecraft:dropped":{"apocalypsenow:human_flesh":12,"minecraft:iron_ingot":11,"minecraft:bread":5,"apocalypsenow:police_boots":5,"apocalypsenow:police_helmet":1,"minecraft:black_dye":4,"minecraft:birch_planks":8,"apocalypsenow:canned_carrot":4,"minecraft:glass_bottle":8,"minecraft:diamond":3,"minecraft:cobblestone":9,"refinedstorage:16k_storage_part":2,"xpbook:xp_tome":2,"artifacts:universal_attractor":1,"minecraft:leather_helmet":1,"minecraft:dirt":1,"minecraft:blue_dye":3,"tac:m4":1,"apocalypsenow:fire_figther_chestplate":1,"chalk:red_chalk":1,"farmersdelight:melon_popsicle":5,"apocalypsenow:night_stick":2,"apocalypsenow:construction_boots":1,"minecraft:torch":60,"solcarrot:food_book":2,"minecraft:iron_leggings":1,"minecraft:stripped_birch_log":1,"farmersdelight:bacon":4,"apocalypsenow:can":6,"minecraft:red_dye":4,"farmersdelight:roast_chicken_block":1,"minecraft:smooth_stone":9,"create:nixie_tube":1,"minecraft:string":6,"ftbquests:book":1,"apocalypsenow:glassbottle":3,"apocalypsenow:whisky":5,"chalk:blue_chalk":1,"minecraft:stone_brick_slab":1,"apocalypsenow:vodka":2,"minecraft:bone":34,"contenttweaker:high_carbon_steel_alloy":3,"minecraft:stone_sword":2,"apocalypsenow:safe":2,"apocalypsenow:royal_canada_police_officer_leggings":2,"farmersdelight:cabbage":4,"pfm:oak_brown_simple_bed":1,"minecraft:rotten_flesh":29,"apocalypsenow:police_chestplate":2,"createbigcannons:traffic_cone":1,"minecraft:iron_boots":1,"apocalypsenow:cloth":7,"apocalypsenow:bloodybandages":2,"farmersdelight:chicken_sandwich":4,"apocalypsenow:baseball_bat":1,"minecraft:leather_chestplate":1,"minecraft:potato":18,"create:bar_of_chocolate":30,"apocalypsenow:coffee":5,"minecraft:gunpowder":13,"contenttweaker:resistant_fabric":1,"apocalypsenow:bayonet":1,"apocalypsenow:open_canned_tomatos":6,"apocalypsenow:dagger":4,"apocalypsenow:peach_juice":2,"minecraft:leather_boots":1,"tac:ae50":4,"refinedstorage:1k_storage_part":4,"apocalypsenow:canned_melon":6,"minecraft:stone_pickaxe":1,"minecraft:wooden_pickaxe":3,"farmersdelight:apple_cider":6,"apocalypsenow:can_opener":1,"firstaid:plaster":1,"create:cut_calcite":3,"artifacts:fire_gauntlet":1},"minecraft:used":{"apocalypsenow:ballpeen_hammer":94,"farmersdelight:cabbage":5,"minecraft:iron_sword":69,"farmersdelight:melon_juice":1,"minecraft:torch":32,"minecraft:dirt":2,"apocalypsenow:orange_juice":1,"simplylight:illuminant_panel":1,"apocalypsenow:baseball_bat":10,"farmersdelight:melon_popsicle":1,"apocalypsenow:emergency_axe":153,"apocalypsenow:combat_knife":21,"apocalypsenow:bayonet":35,"minecraft:stripped_birch_log":2,"minecraft:stone_pickaxe":30,"minecraft:wooden_pickaxe":41,"minecraft:crafting_table":2,"apocalypsenow:whisky":5,"farmersdelight:apple_cider":2,"minecraft:heavy_weighted_pressure_plate":1,"minecraft:bread":4,"cgm:grenade":1,"minecraft:leather_helmet":1,"minecraft:spruce_sapling":1,"apocalypsenow:dagger":141,"chalk:red_chalk":38,"minecraft:potion":10,"apocalypsenow:open_canned_tomatos":6},"minecraft:killed_by":{"minecraft:player":1,"zombie_extreme:infected_police":1,"minecraft:zombie":1,"undead_revamp2:thepregnant":1,"zombie_extreme:crawler":1},"minecraft:broken":{"minecraft:leather_chestplate":1},"minecraft:picked_up":{"apocalypsenow:fire_figther_boots":1,"apocalypsenow:bloodybandages":1,"minecraft:wooden_pickaxe":2,"apocalypsenow:u_sarmy_helmet":1,"apocalypsenow:can_opener":1,"quark:gunpowder_sack":4,"create:bar_of_chocolate":24,"minecraft:heavy_weighted_pressure_plate":1,"minecraft:string":104,"artifacts:fire_gauntlet":1,"create:nixie_tube":1,"apocalypsenow:night_stick":1,"minecraft:smooth_stone":9,"apocalypsenow:construction_boots":1,"minecraft:red_dye":2,"apocalypsenow:can":6,"minecraft:quartz_stairs":3,"farmersdelight:potato_crate":1,"minecraft:stick":2,"simplylight:illuminant_panel":1,"farmersdelight:cabbage_crate":1,"minecraft:torch":52,"apocalypsenow:glassbottle":2,"minecraft:carrot":1,"farmersdelight:melon_popsicle":5,"minecraft:stone_sword":2,"minecraft:rotten_flesh":32,"embellishcraft:steel_door":1,"apocalypsenow:whisky":10,"apocalypsenow:baseball_bat":1,"pfm:oak_brown_simple_bed":1,"apocalypsenow:police_boots":3,"minecraft:iron_block":4,"farmersdelight:melon_juice":14,"refinedstorage:1k_storage_part":4,"apocalypsenow:fire_figther_chestplate":1,"minecraft:white_wool":13,"minecraft:cobblestone":16,"apocalypsenow:u_sarmy_boots":1,"tac:round45":9,"apocalypsenow:canned_melon":3,"minecraft:potato":9,"minecraft:birch_planks":6,"contenttweaker:rubber":4,"minecraft:oak_log":2,"farmersdelight:roast_chicken_block":2,"farmersdelight:carrot_crate":1,"farmersdelight:chicken_sandwich":4,"minecraft:dirt":3,"minecraft:stripped_birch_log":5,"apocalypsenow:canned_tomatos":4,"minecraft:bone":98,"solcarrot:food_book":2,"apocalypsenow:human_flesh":7,"farmersdelight:apple_cider":3,"tac:nato_556_bullet":51,"minecraft:stone_pickaxe":1,"minecraft:iron_ingot":10,"minecraft:glass_bottle":1,"tac:9mm_round":18,"minecraft:oak_planks":8,"quark:light_gray_shard":6,"firstaid:plaster":3,"apocalypsenow:canned_carrot":5,"apocalypsenow:u_sarmy_chestplate":1,"contenttweaker:resistant_fabric":2,"apocalypsenow:royal_canada_police_officer_leggings":1,"contenttweaker:high_carbon_steel_alloy":5,"chalk:red_chalk":1,"minecraft:stone_brick_slab":1,"embellishcraft:smooth_basalt_slab":1,"minecraft:spruce_sapling":1,"createbigcannons:traffic_cone":4,"apocalypsenow:dagger":1,"minecraft:leather_helmet":1,"apocalypsenow:bayonet":1,"minecraft:diamond":3,"apocalypsenow:safe":3,"minecraft:bread":5,"tac:762x39":25,"create:cut_calcite":3},"minecraft:custom":{"lootr:looted_stat":31,"minecraft:interact_with_anvil":1,"minecraft:mob_kills":117,"minecraft:interact_with_crafting_table":9,"minecraft:leave_game":1,"minecraft:time_since_death":48112,"minecraft:climb_one_cm":32743,"minecraft:sprint_one_cm":265719,"minecraft:walk_one_cm":793866,"minecraft:drop":149,"minecraft:chair_used":1,"minecraft:damage_dealt_absorbed":20,"minecraft:talked_to_villager":2,"minecraft:play_time":170131,"minecraft:deaths":7,"minecraft:sneak_time":6304,"minecraft:walk_under_water_one_cm":712,"minecraft:jump":1793,"minecraft:walk_on_water_one_cm":3136,"minecraft:total_world_time":170131,"minecraft:interact_with_loom":2,"minecraft:stove_opened":3,"minecraft:trashcan_opened":1,"minecraft:sleep_in_bed":2,"minecraft:time_since_rest":6727,"minecraft:damage_taken":3313,"minecraft:damage_dealt":14714,"minecraft:swim_one_cm":2643,"minecraft:fly_one_cm":533155,"minecraft:freezer_opened":2,"minecraft:player_kills":2,"minecraft:crouch_one_cm":16761,"minecraft:fall_one_cm":72360},"minecraft:mined":{"minecraft:dark_oak_planks":3,"snowrealmagic:slab":2,"minecraft:spruce_planks":2,"minecraft:quartz_stairs":2,"embellishcraft:white_steel_door":1,"farmersdelight:roast_chicken_block":2,"apocalypsenow:safe":1,"minecraft:stripped_birch_log":5,"farmersdelight:tomato_crate":1,"simplylight:illuminant_panel":1,"minecraft:grass_block":3,"minecraft:redstone_wire":1,"embellishcraft:smooth_basalt_slab":1,"minecraft:spruce_leaves":4,"minecraft:moss_block":1,"minecraft:spawner":30,"create:cut_calcite":3,"minecraft:black_stained_glass_pane":2,"create:vertical_framed_glass":2,"minecraft:dark_oak_stairs":1,"rocks:birch_stick":1,"minecraft:stone":9,"minecraft:iron_block":6,"minecraft:white_wool":1,"create:dark_oak_window_pane":16,"embellishcraft:green_couch":1,"embellishcraft:steel_door":2,"farmersdelight:potato_crate":1,"minecraft:torch":1,"createbigcannons:traffic_cone":4,"farmersdelight:cabbage_crate":1,"minecraft:gray_stained_glass":2,"embellishcraft:polished_marble":2,"farmersdelight:carrot_crate":1,"biomesoplenty:sprout":16,"create:nixie_tube":1,"minecraft:iron_door":6,"createaddition:barbed_wire":2,"minecraft:wall_torch":5,"minecraft:dark_oak_slab":1,"minecraft:light_gray_stained_glass":2,"minecraft:birch_leaves":2,"minecraft:grass":2,"embellishcraft:smooth_marble":1,"snowrealmagic:stairs":1,"create:vertical_framed_glass_pane":12,"minecraft:oak_log":2,"minecraft:dirt":1,"minecraft:cobweb":8,"minecraft:oak_leaves":2}},"DataVersion":2975}