{"stats":{"minecraft:picked_up":{"quark:light_gray_shard":6,"minecraft:stick":1,"simplylight:illuminant_panel":1,"minecraft:wooden_pickaxe":1,"embellishcraft:smooth_basalt_slab":1,"minecraft:spruce_sapling":1,"createbigcannons:traffic_cone":4,"minecraft:string":14,"minecraft:dirt":1,"minecraft:bone":6,"minecraft:rotten_flesh":8,"tac:9mm_round":1},"minecraft:mined":{"minecraft:black_stained_glass_pane":2,"minecraft:light_gray_stained_glass":2,"simplylight:illuminant_panel":1,"createbigcannons:traffic_cone":4,"minecraft:grass_block":1,"rocks:birch_stick":1,"embellishcraft:smooth_basalt_slab":1,"minecraft:spruce_leaves":3,"minecraft:spawner":8},"minecraft:dropped":{"minecraft:wooden_pickaxe":1},"minecraft:killed":{"minecraft:husk":2,"minecraft:zombie":3,"undead_revamp2:the_moonflower":1,"alexsmobs:fly":1,"undead_revamp2:thesmoker":1,"zombie_extreme:runner":2},"minecraft:killed_by":{"undead_revamp2:thepregnant":1},"minecraft:used":{"apocalypsenow:baseball_bat":4,"minecraft:wooden_pickaxe":16,"minecraft:spruce_sapling":1,"apocalypsenow:dagger":32,"chalk:red_chalk":20,"minecraft:potion":4},"minecraft:custom":{"minecraft:time_since_rest":13008,"lootr:looted_stat":5,"minecraft:sprint_one_cm":74493,"minecraft:damage_taken":207,"minecraft:walk_one_cm":129966,"minecraft:mob_kills":10,"minecraft:drop":1,"minecraft:damage_dealt":928,"minecraft:chair_used":1,"minecraft:talked_to_villager":2,"minecraft:fly_one_cm":283209,"minecraft:deaths":1,"minecraft:crouch_one_cm":1281,"minecraft:play_time":28208,"minecraft:sneak_time":940,"minecraft:jump":372,"minecraft:leave_game":1,"minecraft:time_since_death":12891,"minecraft:walk_on_water_one_cm":385,"minecraft:climb_one_cm":867,"minecraft:total_world_time":28208,"minecraft:fall_one_cm":7261}},"DataVersion":2975}