{"stats":{"minecraft:killed":{"zombie_extreme:crawler":1,"minecraft:husk":2,"undead_revamp2:the_moonflower":1,"undead_revamp2:thesmoker":1,"undead_revamp2:theordure":1,"minecraft:zombie":11,"zombie_extreme:infected_police":2,"alexsmobs:fly":1,"zombie_extreme:runner":4,"undead_revamp2:crackleball":1,"minecraft:cow":2},"minecraft:crafted":{"minecraft:oak_planks":8,"minecraft:crafting_table":2,"minecraft:birch_planks":4,"firstaid:plaster":2,"minecraft:air":8,"minecraft:white_wool":5,"farmersdelight:cooked_chicken_cuts":1},"minecraft:dropped":{"apocalypsenow:human_flesh":4,"minecraft:iron_ingot":3,"minecraft:bread":5,"minecraft:black_dye":4,"minecraft:glass_bottle":8,"minecraft:rotten_flesh":12,"createbigcannons:traffic_cone":1,"artifacts:universal_attractor":1,"minecraft:dirt":1,"minecraft:blue_dye":3,"chalk:red_chalk":1,"minecraft:torch":6,"minecraft:leather_boots":1,"solcarrot:food_book":2,"farmersdelight:bacon":4,"refinedstorage:1k_storage_part":4,"minecraft:red_dye":4,"minecraft:wooden_pickaxe":1,"minecraft:string":2,"apocalypsenow:whisky":5,"minecraft:stone_brick_slab":1},"minecraft:used":{"minecraft:wooden_pickaxe":32,"farmersdelight:melon_juice":1,"minecraft:torch":16,"minecraft:dirt":2,"minecraft:crafting_table":2,"apocalypsenow:orange_juice":1,"simplylight:illuminant_panel":1,"farmersdelight:apple_cider":2,"apocalypsenow:baseball_bat":10,"minecraft:heavy_weighted_pressure_plate":1,"minecraft:bread":3,"minecraft:leather_helmet":1,"minecraft:spruce_sapling":1,"apocalypsenow:dagger":121,"chalk:red_chalk":38,"minecraft:potion":6},"minecraft:killed_by":{"undead_revamp2:thepregnant":1,"zombie_extreme:infected_police":1},"minecraft:picked_up":{"apocalypsenow:canned_melon":3,"minecraft:wooden_pickaxe":1,"minecraft:oak_log":2,"create:bar_of_chocolate":4,"minecraft:heavy_weighted_pressure_plate":1,"minecraft:stripped_birch_log":1,"apocalypsenow:canned_tomatos":4,"minecraft:string":27,"minecraft:dirt":3,"minecraft:bone":18,"solcarrot:food_book":2,"apocalypsenow:human_flesh":4,"minecraft:iron_ingot":3,"minecraft:red_dye":2,"minecraft:glass_bottle":1,"tac:9mm_round":3,"minecraft:quartz_stairs":3,"minecraft:oak_planks":8,"quark:light_gray_shard":6,"firstaid:plaster":1,"minecraft:stick":2,"simplylight:illuminant_panel":1,"chalk:red_chalk":1,"minecraft:stone_brick_slab":1,"minecraft:torch":6,"embellishcraft:smooth_basalt_slab":1,"minecraft:spruce_sapling":1,"createbigcannons:traffic_cone":4,"minecraft:leather_helmet":1,"apocalypsenow:whisky":10,"minecraft:rotten_flesh":12,"minecraft:bread":5,"refinedstorage:1k_storage_part":4,"farmersdelight:melon_juice":14,"minecraft:white_wool":1,"minecraft:cobblestone":2},"minecraft:mined":{"minecraft:quartz_stairs":2,"minecraft:stripped_birch_log":2,"simplylight:illuminant_panel":1,"createbigcannons:traffic_cone":4,"minecraft:grass_block":3,"minecraft:gray_stained_glass":2,"embellishcraft:smooth_basalt_slab":1,"biomesoplenty:sprout":12,"minecraft:spruce_leaves":3,"minecraft:wall_torch":1,"minecraft:spawner":13,"minecraft:black_stained_glass_pane":2,"minecraft:light_gray_stained_glass":2,"minecraft:birch_leaves":2,"embellishcraft:smooth_marble":1,"minecraft:oak_log":2,"rocks:birch_stick":1,"minecraft:cobweb":1,"minecraft:stone":2,"minecraft:white_wool":1,"create:dark_oak_window_pane":2,"minecraft:oak_leaves":1},"minecraft:custom":{"lootr:looted_stat":12,"minecraft:mob_kills":22,"minecraft:interact_with_anvil":1,"minecraft:interact_with_crafting_table":3,"minecraft:stove_opened":3,"minecraft:interact_with_loom":2,"minecraft:leave_game":1,"minecraft:time_since_death":13899,"minecraft:sleep_in_bed":1,"minecraft:climb_one_cm":21198,"minecraft:time_since_rest":6285,"minecraft:sprint_one_cm":140197,"minecraft:damage_taken":1610,"minecraft:walk_one_cm":329595,"minecraft:drop":26,"minecraft:damage_dealt":2500,"minecraft:chair_used":1,"minecraft:damage_dealt_absorbed":20,"minecraft:talked_to_villager":2,"minecraft:freezer_opened":1,"minecraft:fly_one_cm":367219,"minecraft:crouch_one_cm":5601,"minecraft:play_time":74131,"minecraft:deaths":4,"minecraft:sneak_time":2077,"minecraft:jump":902,"minecraft:walk_on_water_one_cm":385,"minecraft:total_world_time":74131,"minecraft:fall_one_cm":28758}},"DataVersion":2975}