{"stats":{"minecraft:picked_up":{"minecraft:wooden_pickaxe":1,"minecraft:oak_log":2,"minecraft:heavy_weighted_pressure_plate":1,"minecraft:dirt":1,"minecraft:string":20,"minecraft:bone":16,"solcarrot:food_book":2,"apocalypsenow:human_flesh":3,"minecraft:iron_ingot":3,"tac:9mm_round":3,"minecraft:quartz_stairs":3,"minecraft:oak_planks":8,"quark:light_gray_shard":6,"firstaid:plaster":1,"minecraft:stick":2,"simplylight:illuminant_panel":1,"chalk:red_chalk":1,"minecraft:torch":4,"embellishcraft:smooth_basalt_slab":1,"minecraft:spruce_sapling":1,"createbigcannons:traffic_cone":4,"minecraft:leather_helmet":1,"minecraft:rotten_flesh":12,"refinedstorage:1k_storage_part":4},"minecraft:mined":{"minecraft:quartz_stairs":2,"simplylight:illuminant_panel":1,"createbigcannons:traffic_cone":4,"minecraft:grass_block":1,"minecraft:gray_stained_glass":2,"embellishcraft:smooth_basalt_slab":1,"minecraft:spruce_leaves":3,"minecraft:spawner":11,"minecraft:black_stained_glass_pane":2,"minecraft:light_gray_stained_glass":2,"minecraft:birch_leaves":2,"minecraft:oak_log":2,"rocks:birch_stick":1},"minecraft:crafted":{"minecraft:oak_planks":8,"minecraft:crafting_table":1,"minecraft:air":8},"minecraft:killed":{"minecraft:husk":2,"undead_revamp2:the_moonflower":1,"undead_revamp2:thesmoker":1,"undead_revamp2:theordure":1,"minecraft:zombie":9,"alexsmobs:fly":1,"zombie_extreme:runner":3,"undead_revamp2:crackleball":1,"minecraft:cow":2},"minecraft:dropped":{"minecraft:iron_ingot":3,"createbigcannons:traffic_cone":1,"minecraft:dirt":1,"chalk:red_chalk":1,"minecraft:torch":4,"minecraft:leather_boots":1,"solcarrot:food_book":2,"refinedstorage:1k_storage_part":4,"minecraft:wooden_pickaxe":1},"minecraft:killed_by":{"undead_revamp2:thepregnant":1,"zombie_extreme:infected_police":1},"minecraft:used":{"minecraft:wooden_pickaxe":22,"farmersdelight:melon_juice":1,"minecraft:torch":13,"minecraft:crafting_table":1,"apocalypsenow:orange_juice":1,"apocalypsenow:baseball_bat":10,"minecraft:heavy_weighted_pressure_plate":1,"minecraft:bread":3,"minecraft:leather_helmet":1,"minecraft:spruce_sapling":1,"apocalypsenow:dagger":100,"chalk:red_chalk":38,"minecraft:potion":6},"minecraft:custom":{"lootr:looted_stat":8,"minecraft:mob_kills":20,"minecraft:interact_with_anvil":1,"minecraft:interact_with_crafting_table":2,"minecraft:leave_game":1,"minecraft:time_since_death":5311,"minecraft:climb_one_cm":17153,"minecraft:time_since_rest":5341,"minecraft:sprint_one_cm":109730,"minecraft:damage_taken":986,"minecraft:walk_one_cm":231196,"minecraft:drop":10,"minecraft:damage_dealt":2127,"minecraft:chair_used":1,"minecraft:damage_dealt_absorbed":20,"minecraft:talked_to_villager":2,"minecraft:fly_one_cm":314596,"minecraft:crouch_one_cm":2837,"minecraft:play_time":52208,"minecraft:deaths":3,"minecraft:sneak_time":1322,"minecraft:jump":585,"minecraft:walk_on_water_one_cm":385,"minecraft:total_world_time":52208,"minecraft:fall_one_cm":8968}},"DataVersion":2975}