{"stats":{"minecraft:killed":{"undead_revamp2:thesmoker":3,"alexsmobs:seagull":1,"undead_revamp2:bomber":2,"zombie_extreme:runner":6,"undead_revamp2:crackleball":1,"zombie_extreme:crawler":3,"minecraft:husk":4,"undead_revamp2:the_moonflower":8,"undead_revamp2:theordure":1,"minecraft:zombie":50,"zombie_extreme:infected_police":2,"alexsmobs:fly":2,"minecraft:cow":2},"minecraft:crafted":{"minecraft:oak_planks":8,"farmersdelight:cabbage":9,"firstaid:plaster":5,"minecraft:potato":9,"farmersdelight:cooked_chicken_cuts":1,"minecraft:stone_pickaxe":1,"minecraft:crafting_table":2,"minecraft:iron_sword":1,"minecraft:birch_planks":8,"minecraft:air":10,"minecraft:string":8,"minecraft:white_wool":5,"minecraft:stick":4,"minecraft:stone_sword":1,"minecraft:carrot":9},"minecraft:dropped":{"apocalypsenow:human_flesh":4,"minecraft:iron_ingot":7,"minecraft:bread":5,"minecraft:black_dye":4,"minecraft:birch_planks":8,"minecraft:glass_bottle":8,"minecraft:diamond":3,"minecraft:cobblestone":9,"refinedstorage:16k_storage_part":2,"xpbook:xp_tome":2,"artifacts:universal_attractor":1,"minecraft:dirt":1,"minecraft:blue_dye":3,"chalk:red_chalk":1,"minecraft:torch":38,"solcarrot:food_book":2,"minecraft:stripped_birch_log":1,"farmersdelight:bacon":4,"minecraft:red_dye":4,"minecraft:string":2,"apocalypsenow:glassbottle":3,"apocalypsenow:whisky":5,"chalk:blue_chalk":1,"minecraft:stone_brick_slab":1,"apocalypsenow:vodka":2,"minecraft:stone_sword":2,"minecraft:rotten_flesh":16,"createbigcannons:traffic_cone":1,"farmersdelight:chicken_sandwich":4,"contenttweaker:resistant_fabric":1,"apocalypsenow:peach_juice":2,"minecraft:leather_boots":1,"tac:ae50":4,"refinedstorage:1k_storage_part":4,"minecraft:wooden_pickaxe":3,"farmersdelight:apple_cider":3},"minecraft:used":{"apocalypsenow:ballpeen_hammer":72,"farmersdelight:cabbage":5,"minecraft:iron_sword":30,"farmersdelight:melon_juice":1,"minecraft:torch":16,"minecraft:dirt":2,"apocalypsenow:orange_juice":1,"simplylight:illuminant_panel":1,"apocalypsenow:baseball_bat":10,"apocalypsenow:emergency_axe":62,"minecraft:stripped_birch_log":1,"minecraft:stone_pickaxe":5,"minecraft:wooden_pickaxe":41,"minecraft:crafting_table":2,"apocalypsenow:whisky":5,"farmersdelight:apple_cider":2,"minecraft:heavy_weighted_pressure_plate":1,"minecraft:bread":4,"minecraft:leather_helmet":1,"minecraft:spruce_sapling":1,"apocalypsenow:dagger":141,"chalk:red_chalk":38,"minecraft:potion":6},"minecraft:killed_by":{"minecraft:player":1,"zombie_extreme:infected_police":1,"minecraft:zombie":1,"undead_revamp2:thepregnant":1,"zombie_extreme:crawler":1},"minecraft:broken":{"minecraft:leather_chestplate":1},"minecraft:picked_up":{"minecraft:wooden_pickaxe":2,"create:bar_of_chocolate":4,"minecraft:heavy_weighted_pressure_plate":1,"minecraft:string":72,"minecraft:red_dye":2,"minecraft:quartz_stairs":3,"farmersdelight:potato_crate":1,"minecraft:stick":2,"simplylight:illuminant_panel":1,"farmersdelight:cabbage_crate":1,"minecraft:torch":38,"apocalypsenow:glassbottle":2,"minecraft:stone_sword":2,"minecraft:rotten_flesh":16,"embellishcraft:steel_door":1,"apocalypsenow:whisky":10,"farmersdelight:melon_juice":14,"refinedstorage:1k_storage_part":4,"minecraft:white_wool":13,"minecraft:cobblestone":16,"tac:round45":4,"apocalypsenow:canned_melon":3,"minecraft:birch_planks":6,"minecraft:oak_log":2,"farmersdelight:roast_chicken_block":1,"farmersdelight:carrot_crate":1,"farmersdelight:chicken_sandwich":4,"minecraft:dirt":3,"minecraft:stripped_birch_log":4,"apocalypsenow:canned_tomatos":4,"minecraft:bone":54,"solcarrot:food_book":2,"apocalypsenow:human_flesh":6,"farmersdelight:apple_cider":3,"minecraft:iron_ingot":8,"minecraft:glass_bottle":1,"tac:9mm_round":7,"minecraft:oak_planks":8,"quark:light_gray_shard":6,"firstaid:plaster":3,"chalk:red_chalk":1,"minecraft:stone_brick_slab":1,"embellishcraft:smooth_basalt_slab":1,"minecraft:spruce_sapling":1,"createbigcannons:traffic_cone":4,"minecraft:leather_helmet":1,"minecraft:diamond":3,"minecraft:bread":5},"minecraft:custom":{"lootr:looted_stat":17,"minecraft:interact_with_anvil":1,"minecraft:mob_kills":82,"minecraft:interact_with_crafting_table":8,"minecraft:leave_game":1,"minecraft:time_since_death":112,"minecraft:climb_one_cm":22588,"minecraft:sprint_one_cm":207941,"minecraft:walk_one_cm":556179,"minecraft:drop":62,"minecraft:chair_used":1,"minecraft:damage_dealt_absorbed":20,"minecraft:talked_to_villager":2,"minecraft:play_time":122131,"minecraft:deaths":7,"minecraft:sneak_time":4558,"minecraft:jump":1420,"minecraft:walk_on_water_one_cm":385,"minecraft:total_world_time":122131,"minecraft:interact_with_loom":2,"minecraft:stove_opened":3,"minecraft:sleep_in_bed":1,"minecraft:time_since_rest":458,"minecraft:damage_taken":2933,"minecraft:damage_dealt":8530,"minecraft:fly_one_cm":480846,"minecraft:freezer_opened":1,"minecraft:crouch_one_cm":8787,"minecraft:fall_one_cm":62147},"minecraft:mined":{"minecraft:dark_oak_planks":3,"snowrealmagic:slab":2,"minecraft:quartz_stairs":2,"embellishcraft:white_steel_door":1,"farmersdelight:roast_chicken_block":2,"minecraft:stripped_birch_log":4,"farmersdelight:tomato_crate":1,"simplylight:illuminant_panel":1,"minecraft:grass_block":3,"minecraft:redstone_wire":1,"embellishcraft:smooth_basalt_slab":1,"minecraft:spruce_leaves":4,"minecraft:spawner":18,"minecraft:black_stained_glass_pane":2,"rocks:birch_stick":1,"minecraft:stone":9,"minecraft:white_wool":1,"create:dark_oak_window_pane":15,"embellishcraft:green_couch":1,"embellishcraft:steel_door":2,"farmersdelight:potato_crate":1,"createbigcannons:traffic_cone":4,"farmersdelight:cabbage_crate":1,"minecraft:gray_stained_glass":2,"farmersdelight:carrot_crate":1,"biomesoplenty:sprout":16,"createaddition:barbed_wire":2,"minecraft:wall_torch":1,"minecraft:dark_oak_slab":1,"minecraft:light_gray_stained_glass":2,"minecraft:birch_leaves":2,"minecraft:grass":2,"embellishcraft:smooth_marble":1,"snowrealmagic:stairs":1,"create:vertical_framed_glass_pane":9,"minecraft:oak_log":2,"minecraft:dirt":1,"minecraft:cobweb":4,"minecraft:oak_leaves":2}},"DataVersion":2975}