{"stats":{"minecraft:killed":{"zombie_extreme:crawler":2,"minecraft:husk":2,"undead_revamp2:the_moonflower":2,"undead_revamp2:thesmoker":3,"undead_revamp2:theordure":1,"minecraft:zombie":25,"zombie_extreme:infected_police":2,"alexsmobs:fly":2,"zombie_extreme:runner":5,"undead_revamp2:crackleball":1,"minecraft:cow":2},"minecraft:crafted":{"minecraft:oak_planks":8,"minecraft:crafting_table":2,"minecraft:iron_sword":1,"minecraft:birch_planks":8,"firstaid:plaster":3,"minecraft:air":8,"minecraft:white_wool":5,"minecraft:stick":4,"farmersdelight:cooked_chicken_cuts":1,"minecraft:stone_pickaxe":1,"minecraft:stone_sword":1},"minecraft:dropped":{"apocalypsenow:human_flesh":4,"minecraft:iron_ingot":7,"minecraft:bread":5,"minecraft:birch_planks":6,"minecraft:black_dye":4,"minecraft:stone_sword":2,"minecraft:glass_bottle":8,"minecraft:diamond":3,"minecraft:cobblestone":7,"minecraft:rotten_flesh":12,"createbigcannons:traffic_cone":1,"xpbook:xp_tome":1,"refinedstorage:16k_storage_part":2,"artifacts:universal_attractor":1,"minecraft:dirt":1,"minecraft:blue_dye":3,"chalk:red_chalk":1,"minecraft:torch":6,"minecraft:leather_boots":1,"solcarrot:food_book":2,"minecraft:stripped_birch_log":1,"farmersdelight:bacon":4,"refinedstorage:1k_storage_part":4,"minecraft:red_dye":4,"minecraft:wooden_pickaxe":2,"farmersdelight:apple_cider":3,"minecraft:string":2,"apocalypsenow:glassbottle":3,"chalk:blue_chalk":1,"apocalypsenow:whisky":5,"minecraft:stone_brick_slab":1},"minecraft:used":{"apocalypsenow:ballpeen_hammer":60,"minecraft:stripped_birch_log":1,"minecraft:wooden_pickaxe":41,"minecraft:iron_sword":1,"farmersdelight:melon_juice":1,"minecraft:torch":16,"minecraft:dirt":2,"minecraft:crafting_table":2,"apocalypsenow:whisky":5,"apocalypsenow:orange_juice":1,"simplylight:illuminant_panel":1,"farmersdelight:apple_cider":2,"apocalypsenow:baseball_bat":10,"minecraft:heavy_weighted_pressure_plate":1,"minecraft:bread":4,"minecraft:leather_helmet":1,"minecraft:spruce_sapling":1,"apocalypsenow:dagger":141,"chalk:red_chalk":38,"minecraft:potion":6,"apocalypsenow:emergency_axe":3},"minecraft:killed_by":{"minecraft:player":1,"undead_revamp2:thepregnant":1,"zombie_extreme:infected_police":1},"minecraft:picked_up":{"tac:round45":3,"apocalypsenow:canned_melon":3,"minecraft:wooden_pickaxe":2,"minecraft:birch_planks":4,"minecraft:oak_log":2,"create:bar_of_chocolate":4,"minecraft:heavy_weighted_pressure_plate":1,"minecraft:stripped_birch_log":4,"apocalypsenow:canned_tomatos":4,"minecraft:string":40,"minecraft:dirt":3,"minecraft:bone":36,"solcarrot:food_book":2,"apocalypsenow:human_flesh":4,"minecraft:iron_ingot":8,"minecraft:red_dye":2,"minecraft:glass_bottle":1,"tac:9mm_round":4,"minecraft:quartz_stairs":3,"minecraft:oak_planks":8,"quark:light_gray_shard":6,"firstaid:plaster":1,"minecraft:stick":2,"simplylight:illuminant_panel":1,"chalk:red_chalk":1,"minecraft:stone_brick_slab":1,"minecraft:torch":6,"embellishcraft:smooth_basalt_slab":1,"apocalypsenow:glassbottle":2,"minecraft:spruce_sapling":1,"createbigcannons:traffic_cone":4,"minecraft:stone_sword":1,"minecraft:leather_helmet":1,"embellishcraft:steel_door":1,"apocalypsenow:whisky":10,"minecraft:rotten_flesh":12,"minecraft:diamond":3,"minecraft:bread":5,"refinedstorage:1k_storage_part":4,"farmersdelight:melon_juice":14,"minecraft:white_wool":1,"minecraft:cobblestone":14},"minecraft:custom":{"lootr:looted_stat":14,"minecraft:mob_kills":44,"minecraft:interact_with_anvil":1,"minecraft:interact_with_crafting_table":7,"minecraft:stove_opened":3,"minecraft:interact_with_loom":2,"minecraft:leave_game":1,"minecraft:time_since_death":21190,"minecraft:sleep_in_bed":1,"minecraft:climb_one_cm":22337,"minecraft:time_since_rest":21219,"minecraft:sprint_one_cm":187731,"minecraft:damage_taken":2200,"minecraft:walk_one_cm":448567,"minecraft:drop":45,"minecraft:damage_dealt":5034,"minecraft:chair_used":1,"minecraft:damage_dealt_absorbed":20,"minecraft:talked_to_villager":2,"minecraft:freezer_opened":1,"minecraft:fly_one_cm":447447,"minecraft:crouch_one_cm":7174,"minecraft:play_time":98131,"minecraft:deaths":5,"minecraft:sneak_time":2568,"minecraft:jump":1177,"minecraft:walk_on_water_one_cm":385,"minecraft:total_world_time":98131,"minecraft:fall_one_cm":48533},"minecraft:mined":{"embellishcraft:green_couch":1,"embellishcraft:steel_door":2,"embellishcraft:white_steel_door":1,"minecraft:quartz_stairs":2,"minecraft:stripped_birch_log":4,"simplylight:illuminant_panel":1,"createbigcannons:traffic_cone":4,"minecraft:grass_block":3,"minecraft:gray_stained_glass":2,"minecraft:redstone_wire":1,"embellishcraft:smooth_basalt_slab":1,"biomesoplenty:sprout":12,"minecraft:spruce_leaves":4,"createaddition:barbed_wire":2,"minecraft:wall_torch":1,"minecraft:spawner":15,"minecraft:black_stained_glass_pane":2,"minecraft:light_gray_stained_glass":2,"minecraft:birch_leaves":2,"create:vertical_framed_glass_pane":9,"embellishcraft:smooth_marble":1,"minecraft:oak_log":2,"rocks:birch_stick":1,"minecraft:dirt":1,"minecraft:cobweb":4,"minecraft:stone":9,"minecraft:white_wool":1,"create:dark_oak_window_pane":13,"minecraft:oak_leaves":2}},"DataVersion":2975}