{"stats":{"minecraft:killed":{"undead_revamp2:thesmoker":11,"undead_revamp2:thepregnant":1,"undead_revamp2:crackleball":1,"zombiemobs:zombie_pig":1,"minecraft:pig":3,"undead_revamp2:theordure":3,"minecraft:zombie":178,"zombie_extreme:infected_police":11,"alexsmobs:fly":3,"minecraft:cow":2,"alexsmobs:seagull":1,"undead_revamp2:bomber":2,"zombie_extreme:runner":6,"zombiemobs:zombie_cow":1,"zombie_extreme:crawler":5,"minecraft:husk":13,"undead_revamp2:the_moonflower":13,"minecraft:villager":2,"mutationcraft:human_herder":1},"minecraft:used":{"apocalypsenow:hand_axe":1,"farmersdelight:cabbage":5,"minecraft:iron_sword":69,"apocalypsenow:chips":2,"farmersdelight:melon_juice":1,"minecraft:carrot":1,"createbigcannons:traffic_cone":1,"simplylight:illuminant_panel":1,"farmersdelight:fried_rice":1,"farmersdelight:melon_popsicle":1,"apocalypsenow:emergency_axe":396,"apocalypsenow:combat_knife":95,"apocalypsenow:bayonet":74,"apocalypsenow:open_canned_pork":2,"minecraft:stripped_birch_log":2,"minecraft:stone_pickaxe":30,"minecraft:wooden_pickaxe":41,"farmersdelight:chicken_sandwich":1,"apocalypsenow:whisky":5,"minecraft:heavy_weighted_pressure_plate":1,"minecraft:bread":4,"apocalypsenow:dagger":141,"chalk:red_chalk":38,"apocalypsenow:cereal":3,"pfm:oak_gray_simple_bed":6,"apocalypsenow:ballpeen_hammer":225,"minecraft:brown_shulker_box":8,"minecraft:torch":57,"minecraft:dirt":2,"apocalypsenow:orange_juice":1,"apocalypsenow:gardening_axe":37,"apocalypsenow:baseball_bat":10,"apocalypsenow:hawkbill_machete":41,"minecraft:crafting_table":2,"farmersdelight:minced_beef":6,"farmersdelight:apple_cider":2,"cgm:grenade":4,"minecraft:leather_helmet":1,"minecraft:spruce_sapling":1,"minecraft:potion":21,"apocalypsenow:open_canned_tomatos":6},"minecraft:dropped":{"minecraft:iron_sword":1,"minecraft:birch_planks":8,"apocalypsenow:canned_carrot":4,"minecraft:glass_bottle":12,"minecraft:diamond":14,"tac:round45":1,"artifacts:cloud_in_a_bottle":1,"apocalypsenow:police_leggings":1,"xpbook:xp_tome":2,"artifacts:universal_attractor":1,"minecraft:leather_helmet":1,"minecraft:dirt":1,"apocalypsenow:money_block":1,"apocalypsenow:construction_leggings":2,"apocalypsenow:night_stick":2,"apocalypsenow:construction_boots":1,"create:framed_glass_door":1,"solcarrot:food_book":2,"apocalypsenow:construction_helmet":1,"apocalypsenow:chips":2,"apocalypsenow:can":9,"ftbquests:book":1,"apocalypsenow:glassbottle":3,"apocalypsenow:vodka":2,"minecraft:bone":38,"car:key":1,"apocalypsenow:royal_canada_police_officer_leggings":2,"apocalypsenow:safe":2,"minecraft:wheat":2,"farmersdelight:cabbage":4,"pfm:oak_brown_simple_bed":1,"minecraft:rotten_flesh":87,"apocalypsenow:bloodybandages":2,"minecraft:carrot":1,"apocalypsenow:baseball_bat":1,"minecraft:leather_chestplate":1,"create:bar_of_chocolate":30,"apocalypsenow:coffee":5,"minecraft:gunpowder":18,"contenttweaker:resistant_fabric":3,"apocalypsenow:dagger":4,"minecraft:leather_boots":1,"tac:ae50":4,"refinedstorage:1k_storage_part":4,"apocalypsenow:canned_melon":6,"apocalypsenow:can_opener":1,"apocalypsenow:blue_football_armor_boots":1,"apocalypsenow:human_flesh":12,"minecraft:iron_ingot":11,"minecraft:bread":5,"apocalypsenow:police_boots":5,"apocalypsenow:police_helmet":1,"minecraft:black_dye":4,"zombie_extreme:vending_machine":4,"minecraft:smooth_quartz_stairs":4,"minecraft:cobblestone":9,"refinedstorage:16k_storage_part":2,"minecraft:blue_dye":3,"tac:m4":2,"farmersdelight:melon_popsicle":5,"apocalypsenow:fire_figther_chestplate":1,"minecraft:iron_trapdoor":1,"chalk:red_chalk":1,"minecraft:torch":60,"minecraft:smooth_quartz":11,"minecraft:iron_door":4,"minecraft:potion":16,"minecraft:iron_leggings":1,"minecraft:stripped_birch_log":1,"minecraft:smooth_quartz_slab":3,"farmersdelight:bacon":4,"contenttweaker:research_paper_2":2,"apocalypsenow:crowbar":2,"minecraft:red_dye":4,"farmersdelight:roast_chicken_block":1,"minecraft:smooth_stone":9,"minecraft:string":27,"apocalypsenow:whisky":5,"chalk:blue_chalk":1,"create:nixie_tube":1,"minecraft:stone_brick_slab":1,"contenttweaker:high_carbon_steel_alloy":3,"embellishcraft:smooth_slate":10,"minecraft:stone_sword":2,"minecraft:bowl":1,"embellishcraft:smooth_marble":2,"apocalypsenow:police_chestplate":2,"minecraft:iron_boots":1,"createbigcannons:traffic_cone":1,"apocalypsenow:cloth":7,"minecraft:pumpkin_seeds":14,"farmersdelight:chicken_sandwich":4,"minecraft:potato":18,"apocalypsenow:bayonet":1,"apocalypsenow:open_canned_tomatos":6,"apocalypsenow:peach_juice":2,"minecraft:stone_pickaxe":1,"minecraft:wooden_pickaxe":3,"farmersdelight:apple_cider":6,"firstaid:plaster":1,"tac:9mm_round":98,"create:cut_calcite":3,"artifacts:fire_gauntlet":1},"minecraft:broken":{"minecraft:leather_chestplate":1},"minecraft:mined":{"minecraft:dark_oak_planks":4,"snowrealmagic:slab":2,"minecraft:spruce_planks":6,"embellishcraft:white_steel_door":1,"farmersdelight:roast_chicken_block":2,"apocalypsenow:safe":1,"minecraft:jungle_leaves":1,"farmersdelight:tomato_crate":1,"minecraft:grass_block":3,"minecraft:spawner":53,"minecraft:smooth_stone":5,"create:vertical_framed_glass":4,"cfm:stripped_dark_oak_coffee_table":1,"minecraft:dark_oak_stairs":1,"minecraft:iron_bars":1,"apocalypsenow:construction_barricade":1,"minecraft:iron_block":14,"create:dark_oak_window_pane":22,"minecraft:brown_shulker_box":8,"minecraft:quartz_block":1,"farmersdelight:potato_crate":1,"apocalypsenow:money_block":1,"minecraft:torch":7,"farmersdelight:cabbage_crate":1,"embellishcraft:polished_marble":6,"minecraft:smooth_quartz_slab":3,"create:nixie_tube":1,"createaddition:barbed_wire":2,"minecraft:iron_door":10,"minecraft:wall_torch":9,"minecraft:dark_oak_slab":1,"minecraft:light_gray_stained_glass":4,"quark:gunpowder_sack":4,"farmersdelight:rice_roll_medley_block":2,"minecraft:grass":2,"minecraft:oak_log":2,"create:vertical_framed_glass_pane":12,"minecraft:dirt":1,"minecraft:smooth_quartz":11,"pfm:oak_gray_simple_bed":7,"minecraft:oak_leaves":6,"embellishcraft:air_duct":1,"minecraft:quartz_stairs":2,"minecraft:stripped_birch_log":5,"minecraft:gray_stained_glass_pane":2,"simplylight:illuminant_panel":1,"minecraft:redstone_wire":1,"embellishcraft:smooth_basalt_slab":1,"minecraft:spruce_leaves":5,"minecraft:moss_block":1,"create:cut_calcite":3,"minecraft:hay_block":2,"minecraft:black_stained_glass_pane":7,"immersivepetroleum:asphalt":2,"rocks:birch_stick":1,"minecraft:smooth_quartz_stairs":2,"minecraft:stone":9,"minecraft:white_wool":1,"zombie_extreme:vending_machine":2,"embellishcraft:green_couch":1,"embellishcraft:steel_door":2,"createbigcannons:traffic_cone":5,"minecraft:gray_stained_glass":5,"farmersdelight:carrot_crate":1,"biomesoplenty:sprout":17,"minecraft:birch_leaves":2,"embellishcraft:smooth_marble":6,"snowrealmagic:stairs":1,"minecraft:cobweb":11,"minecraft:stone_bricks":5,"farmersdelight:beetroot_crate":1},"minecraft:killed_by":{"minecraft:zombie":1,"undead_revamp2:thepregnant":1,"zombie_extreme:crawler":1,"minecraft:player":1,"zombie_extreme:infected_police":1},"minecraft:custom":{"lootr:looted_stat":68,"minecraft:interact_with_crafting_table":10,"minecraft:open_barrel":4,"minecraft:open_shulker_box":12,"minecraft:leave_game":2,"minecraft:time_since_death":191593,"minecraft:sprint_one_cm":472398,"minecraft:drop":205,"minecraft:talked_to_villager":4,"minecraft:play_time":313612,"minecraft:deaths":7,"minecraft:jump":2924,"minecraft:walk_on_water_one_cm":4307,"minecraft:interact_with_furnace":2,"minecraft:interact_with_loom":2,"minecraft:stove_opened":3,"minecraft:sleep_in_bed":12,"minecraft:damage_dealt":34423,"minecraft:player_kills":6,"minecraft:crouch_one_cm":43294,"minecraft:mob_kills":324,"minecraft:interact_with_anvil":1,"minecraft:damage_dealt_resisted":318,"minecraft:climb_one_cm":66606,"minecraft:walk_one_cm":1555205,"minecraft:fridge_opened":4,"minecraft:chair_used":1,"minecraft:damage_dealt_absorbed":60,"minecraft:sneak_time":12881,"minecraft:walk_under_water_one_cm":980,"minecraft:drawer_searched":1,"minecraft:total_world_time":313612,"minecraft:trashcan_opened":1,"minecraft:cabinet_searched":1,"minecraft:time_since_rest":23651,"minecraft:damage_taken":4300,"minecraft:swim_one_cm":4004,"minecraft:fly_one_cm":784182,"minecraft:freezer_opened":2,"minecraft:fall_one_cm":191899},"minecraft:crafted":{"minecraft:oak_planks":8,"farmersdelight:cabbage":9,"minecraft:potato":9,"minecraft:crafting_table":2,"minecraft:birch_planks":8,"minecraft:string":12,"minecraft:stick":4,"minecraft:stone_sword":1,"firstaid:plaster":9,"farmersdelight:cooked_chicken_cuts":1,"minecraft:stone_pickaxe":1,"apocalypsenow:u_sarmy_boots":1,"minecraft:iron_sword":1,"minecraft:air":95,"minecraft:white_wool":35,"minecraft:carrot":9},"minecraft:picked_up":{"minecraft:iron_trapdoor":1,"apocalypsenow:bloodybandages":1,"minecraft:stone_slab":1,"minecraft:potion":20,"apocalypsenow:can_opener":1,"create:bar_of_chocolate":24,"minecraft:string":195,"create:sweet_roll":8,"pfm:oak_gray_simple_bed":6,"farmersdelight:rice_roll_medley_block":2,"create:nixie_tube":1,"farmersdelight:fried_rice":1,"minecraft:smooth_stone":12,"minecraft:red_dye":2,"minecraft:smooth_quartz":11,"minecraft:smooth_quartz_stairs":4,"minecraft:stick":2,"farmersdelight:potato_crate":1,"simplylight:illuminant_panel":1,"embellishcraft:smooth_slate":10,"embellishcraft:smooth_marble":2,"minecraft:torch":61,"apocalypsenow:glassbottle":2,"apocalypsenow:fire_figther_leggings":1,"farmersdelight:melon_popsicle":5,"minecraft:stone_sword":2,"embellishcraft:steel_door":1,"minecraft:rotten_flesh":123,"pfm:oak_brown_simple_bed":1,"minecraft:brown_shulker_box":9,"minecraft:iron_block":9,"apocalypsenow:police_boots":3,"refinedstorage:1k_storage_part":4,"farmersdelight:melon_juice":14,"apocalypsenow:money_block":1,"minecraft:cobblestone":16,"apocalypsenow:u_sarmy_boots":2,"tac:round45":23,"apocalypsenow:blue_football_armor_leggings":1,"apocalypsenow:canned_melon":5,"minecraft:iron_door":4,"minecraft:potato":9,"apocalypsenow:open_canned_pork":2,"apocalypsenow:cereal":2,"contenttweaker:research_paper_2":2,"contenttweaker:rubber":5,"farmersdelight:roast_chicken_block":2,"farmersdelight:carrot_crate":1,"minecraft:stripped_birch_log":5,"minecraft:dirt":3,"farmersdelight:chicken_sandwich":9,"apocalypsenow:canned_tomatos":4,"minecraft:bone":208,"apocalypsenow:human_flesh":7,"tac:9mm_round":47,"minecraft:oak_planks":8,"firstaid:plaster":3,"apocalypsenow:canned_carrot":5,"apocalypsenow:u_sarmy_chestplate":1,"minecraft:cooked_porkchop":6,"chalk:red_chalk":1,"contenttweaker:high_carbon_steel_alloy":5,"apocalypsenow:chips":4,"createbigcannons:traffic_cone":5,"apocalypsenow:dagger":1,"apocalypsenow:coke":4,"apocalypsenow:bayonet":1,"minecraft:diamond":14,"apocalypsenow:blue_football_armor_chestplate":1,"minecraft:bread":5,"create:framed_glass_door":1,"apocalypsenow:construction_helmet":1,"create:cut_calcite":3,"apocalypsenow:fire_figther_boots":1,"minecraft:wooden_pickaxe":2,"apocalypsenow:u_sarmy_helmet":2,"quark:gunpowder_sack":8,"minecraft:heavy_weighted_pressure_plate":1,"artifacts:fire_gauntlet":1,"apocalypsenow:night_stick":1,"apocalypsenow:construction_boots":1,"apocalypsenow:can":9,"minecraft:quartz_stairs":3,"farmersdelight:cabbage_crate":1,"sophisticatedbackpacks:backpack":1,"minecraft:carrot":2,"apocalypsenow:whisky":10,"apocalypsenow:baseball_bat":1,"farmersdelight:cooked_chicken_cuts":1,"farmersdelight:hamburger":2,"apocalypsenow:gardening_axe":1,"apocalypsenow:fire_figther_chestplate":1,"minecraft:white_wool":13,"minecraft:leather":4,"minecraft:birch_planks":6,"minecraft:oak_log":2,"apocalypsenow:u_sarmy_leggings":1,"apocalypsenow:construction_leggings":2,"solcarrot:food_book":2,"farmersdelight:apple_cider":3,"apocalypsenow:money":2,"tac:nato_556_bullet":51,"minecraft:iron_ingot":10,"minecraft:stone_pickaxe":1,"zombie_extreme:vending_machine":4,"apocalypsenow:crowbar":1,"minecraft:glass_bottle":1,"apocalypsenow:grape_juice":2,"quark:light_gray_shard":12,"apocalypsenow:blue_football_armor_boots":2,"contenttweaker:resistant_fabric":6,"apocalypsenow:royal_canada_police_officer_leggings":1,"minecraft:stone_brick_slab":1,"embellishcraft:smooth_basalt_slab":1,"apocalypsenow:vodka":2,"minecraft:spruce_sapling":1,"minecraft:leather_helmet":1,"minecraft:pumpkin_seeds":7,"apocalypsenow:safe":3,"tac:762x39":25,"embellishcraft:air_duct":5,"quark:gray_shard":10,"minecraft:smooth_quartz_slab":3}},"DataVersion":2975}