{"stats":{"minecraft:picked_up":{"quark:light_gray_shard":6,"minecraft:stick":1,"simplylight:illuminant_panel":1,"minecraft:wooden_pickaxe":1,"embellishcraft:smooth_basalt_slab":1,"minecraft:spruce_sapling":1,"minecraft:string":10,"minecraft:dirt":1,"minecraft:bone":4,"minecraft:rotten_flesh":2,"tac:9mm_round":1},"minecraft:mined":{"minecraft:black_stained_glass_pane":2,"minecraft:light_gray_stained_glass":2,"simplylight:illuminant_panel":1,"minecraft:grass_block":1,"rocks:birch_stick":1,"embellishcraft:smooth_basalt_slab":1,"minecraft:spruce_leaves":3,"minecraft:spawner":8},"minecraft:dropped":{"minecraft:wooden_pickaxe":1},"minecraft:killed":{"minecraft:husk":1,"undead_revamp2:the_moonflower":1,"undead_revamp2:thesmoker":1,"zombie_extreme:runner":1},"minecraft:killed_by":{"undead_revamp2:thepregnant":1},"minecraft:used":{"apocalypsenow:baseball_bat":3,"minecraft:wooden_pickaxe":16,"minecraft:spruce_sapling":1,"apocalypsenow:dagger":12,"chalk:red_chalk":10,"minecraft:potion":4},"minecraft:custom":{"minecraft:time_since_rest":1008,"lootr:looted_stat":5,"minecraft:sprint_one_cm":45762,"minecraft:damage_taken":162,"minecraft:walk_one_cm":85851,"minecraft:mob_kills":4,"minecraft:drop":1,"minecraft:damage_dealt":549,"minecraft:chair_used":1,"minecraft:talked_to_villager":2,"minecraft:fly_one_cm":40753,"minecraft:deaths":1,"minecraft:crouch_one_cm":376,"minecraft:play_time":16208,"minecraft:sneak_time":179,"minecraft:jump":277,"minecraft:leave_game":1,"minecraft:time_since_death":891,"minecraft:walk_on_water_one_cm":246,"minecraft:climb_one_cm":458,"minecraft:total_world_time":16208,"minecraft:fall_one_cm":6154}},"DataVersion":2975}