{"stats":{"minecraft:killed":{"undead_revamp2:thesmoker":3,"alexsmobs:seagull":1,"undead_revamp2:bomber":2,"zombie_extreme:runner":6,"undead_revamp2:crackleball":1,"zombie_extreme:crawler":3,"minecraft:husk":6,"undead_revamp2:the_moonflower":8,"undead_revamp2:theordure":1,"minecraft:zombie":63,"zombie_extreme:infected_police":4,"alexsmobs:fly":2,"minecraft:cow":2},"minecraft:crafted":{"minecraft:oak_planks":8,"farmersdelight:cabbage":9,"firstaid:plaster":6,"minecraft:potato":9,"farmersdelight:cooked_chicken_cuts":1,"minecraft:stone_pickaxe":1,"minecraft:crafting_table":2,"minecraft:iron_sword":1,"minecraft:birch_planks":8,"minecraft:air":10,"minecraft:string":8,"minecraft:white_wool":15,"minecraft:stick":4,"minecraft:stone_sword":1,"minecraft:carrot":9},"minecraft:dropped":{"apocalypsenow:human_flesh":12,"minecraft:iron_ingot":7,"minecraft:bread":5,"apocalypsenow:police_boots":1,"minecraft:black_dye":4,"minecraft:birch_planks":8,"apocalypsenow:canned_carrot":4,"minecraft:glass_bottle":8,"minecraft:diamond":3,"minecraft:cobblestone":9,"refinedstorage:16k_storage_part":2,"xpbook:xp_tome":2,"artifacts:universal_attractor":1,"minecraft:leather_helmet":1,"minecraft:dirt":1,"minecraft:blue_dye":3,"chalk:red_chalk":1,"apocalypsenow:construction_boots":1,"minecraft:torch":60,"solcarrot:food_book":2,"minecraft:iron_leggings":1,"minecraft:stripped_birch_log":1,"farmersdelight:bacon":4,"minecraft:red_dye":4,"minecraft:string":2,"ftbquests:book":1,"apocalypsenow:glassbottle":3,"apocalypsenow:whisky":5,"chalk:blue_chalk":1,"minecraft:stone_brick_slab":1,"apocalypsenow:vodka":2,"minecraft:stone_sword":2,"minecraft:rotten_flesh":29,"createbigcannons:traffic_cone":1,"apocalypsenow:bloodybandages":2,"farmersdelight:chicken_sandwich":4,"minecraft:potato":18,"apocalypsenow:coffee":5,"contenttweaker:resistant_fabric":1,"apocalypsenow:dagger":2,"apocalypsenow:peach_juice":2,"minecraft:leather_boots":1,"tac:ae50":4,"refinedstorage:1k_storage_part":4,"minecraft:wooden_pickaxe":3,"farmersdelight:apple_cider":3,"create:cut_calcite":3},"minecraft:used":{"apocalypsenow:ballpeen_hammer":76,"farmersdelight:cabbage":5,"minecraft:iron_sword":67,"farmersdelight:melon_juice":1,"minecraft:torch":26,"minecraft:dirt":2,"apocalypsenow:orange_juice":1,"simplylight:illuminant_panel":1,"apocalypsenow:baseball_bat":10,"apocalypsenow:emergency_axe":77,"minecraft:stripped_birch_log":2,"minecraft:stone_pickaxe":11,"minecraft:wooden_pickaxe":41,"minecraft:crafting_table":2,"apocalypsenow:whisky":5,"farmersdelight:apple_cider":2,"minecraft:heavy_weighted_pressure_plate":1,"minecraft:bread":4,"minecraft:leather_helmet":1,"minecraft:spruce_sapling":1,"apocalypsenow:dagger":141,"chalk:red_chalk":38,"minecraft:potion":6},"minecraft:killed_by":{"minecraft:player":1,"zombie_extreme:infected_police":1,"minecraft:zombie":1,"undead_revamp2:thepregnant":1,"zombie_extreme:crawler":1},"minecraft:broken":{"minecraft:leather_chestplate":1},"minecraft:picked_up":{"apocalypsenow:bloodybandages":1,"minecraft:wooden_pickaxe":2,"create:bar_of_chocolate":4,"minecraft:heavy_weighted_pressure_plate":1,"minecraft:string":86,"apocalypsenow:construction_boots":1,"minecraft:red_dye":2,"minecraft:quartz_stairs":3,"farmersdelight:potato_crate":1,"minecraft:stick":2,"simplylight:illuminant_panel":1,"farmersdelight:cabbage_crate":1,"minecraft:torch":46,"apocalypsenow:glassbottle":2,"minecraft:stone_sword":2,"minecraft:rotten_flesh":29,"embellishcraft:steel_door":1,"apocalypsenow:whisky":10,"farmersdelight:melon_juice":14,"refinedstorage:1k_storage_part":4,"minecraft:white_wool":13,"minecraft:cobblestone":16,"apocalypsenow:u_sarmy_boots":1,"tac:round45":9,"apocalypsenow:canned_melon":3,"minecraft:potato":9,"minecraft:birch_planks":6,"minecraft:oak_log":2,"farmersdelight:roast_chicken_block":1,"farmersdelight:carrot_crate":1,"farmersdelight:chicken_sandwich":4,"minecraft:dirt":3,"minecraft:stripped_birch_log":5,"apocalypsenow:canned_tomatos":4,"minecraft:bone":64,"solcarrot:food_book":2,"apocalypsenow:human_flesh":7,"farmersdelight:apple_cider":3,"minecraft:iron_ingot":8,"minecraft:glass_bottle":1,"tac:9mm_round":16,"minecraft:oak_planks":8,"quark:light_gray_shard":6,"firstaid:plaster":3,"chalk:red_chalk":1,"minecraft:stone_brick_slab":1,"embellishcraft:smooth_basalt_slab":1,"minecraft:spruce_sapling":1,"createbigcannons:traffic_cone":4,"minecraft:leather_helmet":1,"minecraft:diamond":3,"minecraft:bread":5,"create:cut_calcite":3},"minecraft:custom":{"lootr:looted_stat":19,"minecraft:interact_with_anvil":1,"minecraft:mob_kills":100,"minecraft:interact_with_crafting_table":9,"minecraft:leave_game":1,"minecraft:time_since_death":12112,"minecraft:climb_one_cm":26432,"minecraft:sprint_one_cm":222905,"minecraft:walk_one_cm":621633,"minecraft:drop":85,"minecraft:chair_used":1,"minecraft:damage_dealt_absorbed":20,"minecraft:talked_to_villager":2,"minecraft:play_time":134131,"minecraft:deaths":7,"minecraft:sneak_time":5252,"minecraft:jump":1565,"minecraft:walk_on_water_one_cm":385,"minecraft:total_world_time":134131,"minecraft:interact_with_loom":2,"minecraft:stove_opened":3,"minecraft:sleep_in_bed":1,"minecraft:time_since_rest":12458,"minecraft:damage_taken":3061,"minecraft:damage_dealt":10114,"minecraft:fly_one_cm":506672,"minecraft:freezer_opened":1,"minecraft:player_kills":1,"minecraft:crouch_one_cm":11373,"minecraft:fall_one_cm":69388},"minecraft:mined":{"minecraft:dark_oak_planks":3,"snowrealmagic:slab":2,"minecraft:quartz_stairs":2,"embellishcraft:white_steel_door":1,"farmersdelight:roast_chicken_block":2,"minecraft:stripped_birch_log":5,"farmersdelight:tomato_crate":1,"simplylight:illuminant_panel":1,"minecraft:grass_block":3,"minecraft:redstone_wire":1,"embellishcraft:smooth_basalt_slab":1,"minecraft:spruce_leaves":4,"minecraft:spawner":19,"create:cut_calcite":3,"minecraft:black_stained_glass_pane":2,"minecraft:dark_oak_stairs":1,"rocks:birch_stick":1,"minecraft:stone":9,"minecraft:white_wool":1,"create:dark_oak_window_pane":16,"embellishcraft:green_couch":1,"embellishcraft:steel_door":2,"farmersdelight:potato_crate":1,"createbigcannons:traffic_cone":4,"farmersdelight:cabbage_crate":1,"minecraft:gray_stained_glass":2,"embellishcraft:polished_marble":2,"farmersdelight:carrot_crate":1,"biomesoplenty:sprout":16,"minecraft:iron_door":4,"createaddition:barbed_wire":2,"minecraft:wall_torch":1,"minecraft:dark_oak_slab":1,"minecraft:light_gray_stained_glass":2,"minecraft:birch_leaves":2,"minecraft:grass":2,"embellishcraft:smooth_marble":1,"snowrealmagic:stairs":1,"create:vertical_framed_glass_pane":10,"minecraft:oak_log":2,"minecraft:dirt":1,"minecraft:cobweb":4,"minecraft:oak_leaves":2}},"DataVersion":2975}