{"stats":{"minecraft:picked_up":{"minecraft:wooden_pickaxe":1},"minecraft:dropped":{"minecraft:wooden_pickaxe":1},"minecraft:custom":{"minecraft:jump":32,"minecraft:time_since_rest":4208,"minecraft:crouch_one_cm":78,"minecraft:leave_game":1,"minecraft:play_time":4208,"minecraft:sprint_one_cm":3455,"minecraft:damage_taken":20,"minecraft:time_since_death":4208,"minecraft:walk_one_cm":19203,"minecraft:sneak_time":26,"minecraft:total_world_time":4208,"minecraft:drop":1,"minecraft:fall_one_cm":1593,"minecraft:fly_one_cm":4167}},"DataVersion":2975}