{"stats":{"minecraft:killed":{"undead_revamp2:thesmoker":10,"alexsmobs:seagull":1,"undead_revamp2:bomber":2,"undead_revamp2:thepregnant":1,"zombie_extreme:runner":6,"undead_revamp2:crackleball":1,"zombie_extreme:crawler":5,"minecraft:husk":8,"undead_revamp2:the_moonflower":12,"undead_revamp2:theordure":3,"minecraft:zombie":150,"zombie_extreme:infected_police":9,"alexsmobs:fly":3,"minecraft:villager":2,"mutationcraft:human_herder":1,"minecraft:cow":2},"minecraft:used":{"apocalypsenow:hand_axe":1,"apocalypsenow:ballpeen_hammer":207,"farmersdelight:cabbage":5,"minecraft:iron_sword":69,"minecraft:brown_shulker_box":4,"farmersdelight:melon_juice":1,"minecraft:torch":44,"minecraft:dirt":2,"apocalypsenow:orange_juice":1,"simplylight:illuminant_panel":1,"farmersdelight:fried_rice":1,"apocalypsenow:baseball_bat":10,"farmersdelight:melon_popsicle":1,"apocalypsenow:combat_knife":48,"apocalypsenow:bayonet":54,"apocalypsenow:emergency_axe":396,"minecraft:stripped_birch_log":2,"minecraft:stone_pickaxe":30,"minecraft:wooden_pickaxe":41,"farmersdelight:chicken_sandwich":1,"apocalypsenow:whisky":5,"minecraft:crafting_table":2,"farmersdelight:minced_beef":6,"farmersdelight:apple_cider":2,"minecraft:heavy_weighted_pressure_plate":1,"minecraft:bread":4,"cgm:grenade":4,"minecraft:leather_helmet":1,"minecraft:spruce_sapling":1,"apocalypsenow:dagger":141,"chalk:red_chalk":38,"minecraft:potion":18,"apocalypsenow:open_canned_tomatos":6,"pfm:oak_gray_simple_bed":4},"minecraft:dropped":{"apocalypsenow:human_flesh":12,"minecraft:iron_ingot":11,"minecraft:bread":5,"minecraft:iron_sword":1,"apocalypsenow:police_boots":5,"apocalypsenow:police_helmet":1,"minecraft:black_dye":4,"minecraft:birch_planks":8,"minecraft:diamond":14,"minecraft:glass_bottle":12,"apocalypsenow:canned_carrot":4,"tac:round45":1,"minecraft:smooth_quartz_stairs":4,"minecraft:cobblestone":9,"artifacts:cloud_in_a_bottle":1,"refinedstorage:16k_storage_part":2,"xpbook:xp_tome":2,"artifacts:universal_attractor":1,"minecraft:leather_helmet":1,"minecraft:dirt":1,"minecraft:blue_dye":3,"tac:m4":2,"apocalypsenow:money_block":1,"minecraft:iron_trapdoor":1,"apocalypsenow:fire_figther_chestplate":1,"apocalypsenow:construction_boots":1,"chalk:red_chalk":1,"farmersdelight:melon_popsicle":5,"apocalypsenow:night_stick":2,"apocalypsenow:construction_leggings":2,"minecraft:torch":60,"minecraft:smooth_quartz":11,"minecraft:iron_door":4,"solcarrot:food_book":2,"apocalypsenow:construction_helmet":1,"minecraft:potion":16,"minecraft:smooth_quartz_slab":3,"minecraft:iron_leggings":1,"minecraft:stripped_birch_log":1,"farmersdelight:bacon":4,"contenttweaker:research_paper_2":2,"apocalypsenow:can":6,"apocalypsenow:crowbar":2,"minecraft:red_dye":4,"farmersdelight:roast_chicken_block":1,"minecraft:smooth_stone":9,"minecraft:string":25,"ftbquests:book":1,"apocalypsenow:glassbottle":3,"apocalypsenow:whisky":5,"create:nixie_tube":1,"chalk:blue_chalk":1,"minecraft:stone_brick_slab":1,"apocalypsenow:vodka":2,"minecraft:bone":38,"contenttweaker:high_carbon_steel_alloy":3,"minecraft:stone_sword":2,"apocalypsenow:safe":2,"minecraft:bowl":1,"apocalypsenow:royal_canada_police_officer_leggings":2,"minecraft:wheat":2,"farmersdelight:cabbage":4,"pfm:oak_brown_simple_bed":1,"minecraft:rotten_flesh":87,"apocalypsenow:police_chestplate":2,"createbigcannons:traffic_cone":1,"minecraft:iron_boots":1,"apocalypsenow:cloth":7,"apocalypsenow:bloodybandages":2,"minecraft:carrot":1,"minecraft:pumpkin_seeds":14,"farmersdelight:chicken_sandwich":4,"apocalypsenow:baseball_bat":1,"minecraft:leather_chestplate":1,"minecraft:potato":18,"create:bar_of_chocolate":30,"apocalypsenow:coffee":5,"minecraft:gunpowder":18,"contenttweaker:resistant_fabric":3,"apocalypsenow:bayonet":1,"apocalypsenow:open_canned_tomatos":6,"apocalypsenow:dagger":4,"apocalypsenow:peach_juice":2,"minecraft:leather_boots":1,"tac:ae50":4,"refinedstorage:1k_storage_part":4,"apocalypsenow:canned_melon":6,"minecraft:stone_pickaxe":1,"minecraft:wooden_pickaxe":3,"farmersdelight:apple_cider":6,"apocalypsenow:can_opener":1,"firstaid:plaster":1,"apocalypsenow:blue_football_armor_boots":1,"create:cut_calcite":3,"artifacts:fire_gauntlet":1},"minecraft:broken":{"minecraft:leather_chestplate":1},"minecraft:mined":{"snowrealmagic:slab":2,"embellishcraft:air_duct":1,"minecraft:spruce_planks":6,"embellishcraft:white_steel_door":1,"minecraft:quartz_stairs":2,"farmersdelight:roast_chicken_block":2,"apocalypsenow:safe":1,"minecraft:stripped_birch_log":5,"farmersdelight:tomato_crate":1,"simplylight:illuminant_panel":1,"minecraft:grass_block":3,"minecraft:redstone_wire":1,"embellishcraft:smooth_basalt_slab":1,"minecraft:spruce_leaves":4,"minecraft:moss_block":1,"minecraft:spawner":48,"create:cut_calcite":3,"minecraft:hay_block":2,"minecraft:smooth_stone":5,"minecraft:black_stained_glass_pane":7,"create:vertical_framed_glass":4,"cfm:stripped_dark_oak_coffee_table":1,"minecraft:dark_oak_stairs":1,"rocks:birch_stick":1,"minecraft:smooth_quartz_stairs":2,"minecraft:iron_block":14,"minecraft:stone":9,"minecraft:white_wool":1,"create:dark_oak_window_pane":20,"embellishcraft:green_couch":1,"minecraft:brown_shulker_box":4,"embellishcraft:steel_door":2,"minecraft:quartz_block":1,"farmersdelight:potato_crate":1,"apocalypsenow:money_block":1,"minecraft:torch":6,"farmersdelight:cabbage_crate":1,"createbigcannons:traffic_cone":4,"minecraft:gray_stained_glass":5,"embellishcraft:polished_marble":6,"minecraft:smooth_quartz_slab":3,"farmersdelight:carrot_crate":1,"biomesoplenty:sprout":16,"create:nixie_tube":1,"minecraft:iron_door":9,"createaddition:barbed_wire":2,"minecraft:wall_torch":9,"minecraft:dark_oak_slab":1,"minecraft:light_gray_stained_glass":4,"quark:gunpowder_sack":4,"minecraft:birch_leaves":2,"farmersdelight:rice_roll_medley_block":2,"minecraft:grass":2,"embellishcraft:smooth_marble":5,"snowrealmagic:stairs":1,"create:vertical_framed_glass_pane":12,"minecraft:oak_log":2,"minecraft:smooth_quartz":11,"minecraft:dirt":1,"pfm:oak_gray_simple_bed":6,"minecraft:cobweb":9,"minecraft:stone_bricks":5,"farmersdelight:beetroot_crate":1,"minecraft:oak_leaves":2,"minecraft:dark_oak_planks":3},"minecraft:killed_by":{"minecraft:player":1,"zombie_extreme:infected_police":1,"minecraft:zombie":1,"undead_revamp2:thepregnant":1,"zombie_extreme:crawler":1},"minecraft:custom":{"lootr:looted_stat":57,"minecraft:interact_with_anvil":1,"minecraft:mob_kills":269,"minecraft:interact_with_crafting_table":10,"minecraft:open_barrel":4,"minecraft:open_shulker_box":6,"minecraft:damage_dealt_resisted":264,"minecraft:leave_game":2,"minecraft:time_since_death":131593,"minecraft:climb_one_cm":55773,"minecraft:sprint_one_cm":371777,"minecraft:walk_one_cm":1262136,"minecraft:fridge_opened":1,"minecraft:drop":190,"minecraft:chair_used":1,"minecraft:damage_dealt_absorbed":60,"minecraft:talked_to_villager":2,"minecraft:play_time":253612,"minecraft:sneak_time":10553,"minecraft:deaths":7,"minecraft:walk_under_water_one_cm":712,"minecraft:drawer_searched":1,"minecraft:jump":2385,"minecraft:total_world_time":253612,"minecraft:walk_on_water_one_cm":3619,"minecraft:interact_with_furnace":1,"minecraft:interact_with_loom":2,"minecraft:stove_opened":3,"minecraft:trashcan_opened":1,"minecraft:sleep_in_bed":7,"minecraft:time_since_rest":4407,"minecraft:cabinet_searched":1,"minecraft:damage_taken":3927,"minecraft:damage_dealt":29710,"minecraft:swim_one_cm":2643,"minecraft:freezer_opened":2,"minecraft:fly_one_cm":647445,"minecraft:player_kills":6,"minecraft:crouch_one_cm":33192,"minecraft:fall_one_cm":132430},"minecraft:crafted":{"minecraft:oak_planks":8,"farmersdelight:cabbage":9,"firstaid:plaster":9,"minecraft:potato":9,"farmersdelight:cooked_chicken_cuts":1,"minecraft:stone_pickaxe":1,"minecraft:crafting_table":2,"minecraft:iron_sword":1,"minecraft:birch_planks":8,"minecraft:air":95,"minecraft:string":12,"minecraft:white_wool":17,"minecraft:stick":4,"minecraft:stone_sword":1,"minecraft:carrot":9},"minecraft:picked_up":{"create:cut_calcite":3,"minecraft:iron_trapdoor":1,"apocalypsenow:fire_figther_boots":1,"apocalypsenow:bloodybandages":1,"minecraft:stone_slab":1,"minecraft:wooden_pickaxe":2,"apocalypsenow:u_sarmy_helmet":1,"minecraft:potion":20,"apocalypsenow:can_opener":1,"quark:gunpowder_sack":8,"create:bar_of_chocolate":24,"minecraft:heavy_weighted_pressure_plate":1,"minecraft:string":163,"pfm:oak_gray_simple_bed":5,"farmersdelight:rice_roll_medley_block":2,"artifacts:fire_gauntlet":1,"create:nixie_tube":1,"farmersdelight:fried_rice":1,"apocalypsenow:night_stick":1,"minecraft:smooth_stone":12,"apocalypsenow:construction_boots":1,"minecraft:red_dye":2,"apocalypsenow:can":6,"minecraft:smooth_quartz":11,"minecraft:quartz_stairs":3,"minecraft:smooth_quartz_stairs":4,"minecraft:stick":2,"simplylight:illuminant_panel":1,"farmersdelight:potato_crate":1,"embellishcraft:smooth_slate":5,"farmersdelight:cabbage_crate":1,"minecraft:torch":60,"sophisticatedbackpacks:backpack":1,"apocalypsenow:glassbottle":2,"minecraft:carrot":2,"apocalypsenow:fire_figther_leggings":1,"farmersdelight:melon_popsicle":5,"minecraft:stone_sword":2,"apocalypsenow:whisky":10,"embellishcraft:steel_door":1,"minecraft:rotten_flesh":99,"apocalypsenow:baseball_bat":1,"pfm:oak_brown_simple_bed":1,"minecraft:brown_shulker_box":5,"minecraft:iron_block":9,"apocalypsenow:police_boots":3,"refinedstorage:1k_storage_part":4,"farmersdelight:melon_juice":14,"apocalypsenow:fire_figther_chestplate":1,"apocalypsenow:money_block":1,"minecraft:white_wool":13,"minecraft:cobblestone":16,"apocalypsenow:u_sarmy_boots":1,"tac:round45":19,"apocalypsenow:canned_melon":3,"minecraft:iron_door":4,"minecraft:potato":9,"minecraft:birch_planks":6,"contenttweaker:research_paper_2":2,"minecraft:oak_log":2,"contenttweaker:rubber":5,"farmersdelight:roast_chicken_block":2,"farmersdelight:carrot_crate":1,"apocalypsenow:canned_tomatos":4,"farmersdelight:chicken_sandwich":5,"minecraft:dirt":3,"minecraft:stripped_birch_log":5,"apocalypsenow:u_sarmy_leggings":1,"minecraft:bone":154,"apocalypsenow:construction_leggings":2,"solcarrot:food_book":2,"apocalypsenow:human_flesh":7,"minecraft:stone_pickaxe":1,"farmersdelight:apple_cider":3,"apocalypsenow:money":1,"tac:nato_556_bullet":51,"minecraft:iron_ingot":10,"tac:9mm_round":34,"apocalypsenow:crowbar":1,"minecraft:glass_bottle":1,"minecraft:oak_planks":8,"apocalypsenow:blue_football_armor_boots":1,"quark:light_gray_shard":12,"firstaid:plaster":3,"apocalypsenow:canned_carrot":5,"apocalypsenow:u_sarmy_chestplate":1,"apocalypsenow:royal_canada_police_officer_leggings":1,"contenttweaker:resistant_fabric":6,"embellishcraft:smooth_basalt_slab":1,"chalk:red_chalk":1,"minecraft:stone_brick_slab":1,"contenttweaker:high_carbon_steel_alloy":5,"minecraft:spruce_sapling":1,"createbigcannons:traffic_cone":4,"apocalypsenow:dagger":1,"minecraft:leather_helmet":1,"minecraft:pumpkin_seeds":7,"minecraft:diamond":14,"apocalypsenow:bayonet":1,"embellishcraft:air_duct":5,"apocalypsenow:safe":3,"minecraft:bread":5,"tac:762x39":25,"quark:gray_shard":10,"apocalypsenow:construction_helmet":1,"minecraft:smooth_quartz_slab":3}},"DataVersion":2975}