{"stats":{"minecraft:picked_up":{"quark:light_gray_shard":6,"minecraft:stick":2,"simplylight:illuminant_panel":1,"minecraft:wooden_pickaxe":1,"embellishcraft:smooth_basalt_slab":1,"minecraft:spruce_sapling":1,"createbigcannons:traffic_cone":4,"minecraft:string":20,"minecraft:dirt":1,"minecraft:bone":10,"minecraft:rotten_flesh":10,"solcarrot:food_book":2,"apocalypsenow:human_flesh":1,"tac:9mm_round":2},"minecraft:mined":{"minecraft:black_stained_glass_pane":2,"minecraft:light_gray_stained_glass":2,"simplylight:illuminant_panel":1,"createbigcannons:traffic_cone":4,"minecraft:gray_stained_glass":2,"minecraft:grass_block":1,"rocks:birch_stick":1,"embellishcraft:smooth_basalt_slab":1,"minecraft:spruce_leaves":3,"minecraft:spawner":11},"minecraft:dropped":{"minecraft:wooden_pickaxe":1},"minecraft:killed":{"undead_revamp2:theordure":1,"minecraft:husk":2,"minecraft:zombie":5,"undead_revamp2:the_moonflower":1,"alexsmobs:fly":1,"undead_revamp2:thesmoker":1,"zombie_extreme:runner":2,"undead_revamp2:crackleball":1,"minecraft:cow":2},"minecraft:killed_by":{"undead_revamp2:thepregnant":1},"minecraft:used":{"minecraft:bread":3,"apocalypsenow:baseball_bat":10,"minecraft:wooden_pickaxe":19,"minecraft:spruce_sapling":1,"farmersdelight:melon_juice":1,"minecraft:torch":5,"apocalypsenow:dagger":63,"chalk:red_chalk":20,"minecraft:potion":6},"minecraft:custom":{"minecraft:time_since_rest":4724,"lootr:looted_stat":7,"minecraft:sprint_one_cm":106731,"minecraft:damage_taken":854,"minecraft:walk_one_cm":175671,"minecraft:mob_kills":16,"minecraft:drop":1,"minecraft:damage_dealt":1576,"minecraft:chair_used":1,"minecraft:damage_dealt_absorbed":20,"minecraft:talked_to_villager":2,"minecraft:fly_one_cm":309689,"minecraft:deaths":2,"minecraft:crouch_one_cm":1538,"minecraft:play_time":40208,"minecraft:sneak_time":1035,"minecraft:jump":485,"minecraft:leave_game":1,"minecraft:time_since_death":4672,"minecraft:walk_on_water_one_cm":385,"minecraft:climb_one_cm":13000,"minecraft:total_world_time":40208,"minecraft:fall_one_cm":8113}},"DataVersion":2975}