{"stats":{"minecraft:killed":{"undead_revamp2:thesmoker":8,"undead_revamp2:bomber":2,"zombie_extreme:runner":2,"zombie_extreme:crawler":2,"minecraft:husk":7,"undead_revamp2:the_moonflower":6,"minecraft:zombie":112,"zombie_extreme:infected_police":7,"alexsmobs:fly":2,"alexsmobs:crow":1},"minecraft:dropped":{"minecraft:glass_bottle":21,"minecraft:diamond":3,"tac:glock_17":1,"apocalypsenow:cereal":5,"create:cogwheel":1,"minecraft:coal":1,"pfm:wall_toilet_paper":1,"refinedstorage:4k_storage_part":1,"apocalypsenow:blue_football_armor_chestplate":1,"quark:light_gray_shard":24,"apocalypsenow:fire_figther_chestplate":1,"apocalypsenow:night_stick":1,"apocalypsenow:construction_leggings":1,"minecraft:torch":10,"minecraft:rose_bush":1,"minecraft:smooth_quartz":3,"apocalypsenow:fire_figther_boots":1,"minecraft:iron_door":8,"minecraft:snowball":1,"minecraft:iron_leggings":1,"apocalypsenow:construction_helmet":1,"apocalypsenow:u_sarmy_helmet":1,"apocalypsenow:can":6,"minecraft:cactus":1,"minecraft:string":46,"minecraft:dark_oak_planks":1,"chalk:blue_chalk":1,"minecraft:spruce_sapling":1,"minecraft:bone":4,"apocalypsenow:small_can":3,"refinedstorage:controller":2,"minecraft:rotten_flesh":23,"apocalypsenow:money":12,"another_furniture:light_gray_curtain":1,"artifacts:umbrella":1,"nameless_trinkets:experience_magnet":3,"minecraft:spruce_planks":3,"artifacts:running_shoes":1,"minecraft:quartz_block":2,"apocalypsenow:open_canned_tomatos":6,"car:canister":1,"apocalypsenow:peach_juice":3,"apocalypsenow:dagger":1,"minecraft:stone_pickaxe":1,"tac:9mm_round":3,"firstaid:plaster":2,"immersiveengineering:seed":3,"apocalypsenow:blue_football_armor_boots":1},"minecraft:used":{"apocalypsenow:butterfly_knife":13,"minecraft:stone_sword":81,"minecraft:spruce_planks":44,"create:cut_calcite":2,"apocalypsenow:chips":6,"farmersdelight:melon_juice":3,"minecraft:torch":59,"minecraft:dirt":4,"apocalypsenow:apple_juice":1,"farmersdelight:bacon":2,"apocalypsenow:orange_juice":3,"farmersdelight:roast_chicken":7,"embellishcraft:smooth_marble":6,"minecraft:wooden_axe":8,"apocalypsenow:coffee":4,"alexsmobs:maggot":4,"minecraft:cyan_terracotta":26,"farmersdelight:melon_popsicle":2,"apocalypsenow:money_block":3,"minecraft:smooth_quartz":8,"minecraft:stone_bricks":9,"minecraft:hay_block":2,"apocalypsenow:construction_helmet":1,"apocalypsenow:porpsi":16,"apocalypsenow:bayonet":34,"apocalypsenow:night_stick":33,"minecraft:acacia_planks":4,"farmersdelight:roast_chicken_block":1,"apocalypsenow:police_chestplate":1,"apocalypsenow:energy_drink":3,"apocalypsenow:electric_baton":158,"quark:framed_glass_pane":2,"minecraft:glass_bottle":8,"minecraft:stone_pickaxe":127,"minecraft:wooden_pickaxe":38,"create:framed_glass_trapdoor":1,"minecraft:white_wool":2,"apocalypsenow:whisky":1,"minecraft:crafting_table":8,"embellishcraft:gneiss_large_bricks_wall":1,"simplylight:illuminant_block":1,"apocalypsenow:coke":4,"farmersdelight:minced_beef":4,"farmersdelight:apple_cider":3,"farmersdelight:cooked_chicken_cuts":5,"minecraft:iron_pickaxe":141,"minecraft:iron_door":1,"apocalypsenow:dagger":353,"minecraft:potion":17,"minecraft:wooden_sword":21,"chalk:red_chalk":4,"minecraft:cobblestone":32,"chalk:blue_chalk":12,"apocalypsenow:peach_juice":3,"minecraft:smooth_stone":2},"minecraft:broken":{"minecraft:wooden_pickaxe":1,"minecraft:stone_pickaxe":1,"apocalypsenow:construction_helmet":1},"minecraft:mined":{"minecraft:dark_oak_planks":2,"immersiveengineering:capacitor_hv":4,"rocks:pinecone":2,"minecraft:spruce_planks":1,"embellishcraft:sturdy_steel_door":1,"minecraft:quartz_stairs":1,"farmersdelight:roast_chicken_block":1,"another_furniture:oak_shelf":1,"minecraft:potted_cactus":1,"embellishcraft:basalt_large_bricks_slab":10,"minecraft:gray_stained_glass_pane":6,"minecraft:grass_block":6,"create:polished_cut_calcite_wall":4,"minecraft:white_concrete":3,"embellishcraft:smooth_basalt_slab":1,"simplylight:lightbulb":1,"quark:black_framed_glass":2,"rocks:rock":1,"minecraft:spawner":1,"create:cut_calcite":2,"embellishcraft:smooth_basalt":7,"apocalypsenow:iron_locker":4,"minecraft:smooth_stone":14,"minecraft:spruce_sapling":1,"cold_sweat:hearth_bottom":1,"minecraft:andesite":3,"minecraft:gold_block":5,"rocks:birch_stick":1,"minecraft:iron_bars":3,"minecraft:quartz_slab":2,"minecraft:smooth_quartz_stairs":1,"minecraft:stone":34,"minecraft:white_wool":2,"create:dark_oak_window_pane":10,"create:cogwheel":1,"minecraft:acacia_leaves":1,"minecraft:quartz_block":4,"minecraft:cyan_terracotta":36,"cfm:oak_hedge":2,"embellishcraft:smooth_slate":2,"minecraft:stone_brick_slab":1,"apocalypsenow:money_block":7,"minecraft:crafting_table":2,"minecraft:torch":16,"minecraft:gray_stained_glass":8,"quark:framed_glass_pane":2,"minecraft:rose_bush":7,"embellishcraft:gneiss_large_bricks_wall":1,"minecraft:cobblestone":2,"biomesoplenty:sprout":9,"embellishcraft:basalt_large_bricks":2,"minecraft:iron_door":6,"createaddition:barbed_wire":33,"minecraft:wall_torch":18,"rocks:spruce_stick":1,"minecraft:acacia_sapling":1,"minecraft:light_gray_stained_glass":10,"minecraft:spruce_log":1,"minecraft:grass":6,"embellishcraft:smooth_marble":11,"immersiveengineering:steel_scaffolding_standard":1,"create:vertical_framed_glass_pane":3,"minecraft:coal_ore":8,"minecraft:oak_log":4,"another_furniture:light_gray_curtain":1,"minecraft:sunflower":1,"minecraft:smooth_quartz":16,"minecraft:dirt":2,"simplylight:illuminant_block":1,"minecraft:cobweb":4,"create:brass_block":8,"embellishcraft:smooth_marble_stairs":1,"quark:polished_calcite_vertical_slab":4,"minecraft:oak_leaves":3},"minecraft:killed_by":{"minecraft:husk":2,"minecraft:player":1,"zombie_extreme:demolisher":1,"minecraft:zombie":4,"undead_revamp2:thepregnant":2},"minecraft:custom":{"lootr:looted_stat":54,"minecraft:mob_kills":212,"minecraft:interact_with_crafting_table":25,"minecraft:open_barrel":3,"minecraft:microwave_used":1,"minecraft:open_shulker_box":2,"minecraft:damage_dealt_resisted":78,"minecraft:leave_game":5,"minecraft:time_since_death":4255,"minecraft:climb_one_cm":50395,"minecraft:sprint_one_cm":176970,"minecraft:walk_one_cm":1174983,"minecraft:fridge_opened":9,"minecraft:drop":98,"minecraft:chair_used":1,"minecraft:talked_to_villager":1,"minecraft:play_time":237251,"minecraft:sneak_time":11148,"minecraft:deaths":12,"minecraft:walk_under_water_one_cm":369,"minecraft:jump":1363,"minecraft:walk_on_water_one_cm":1999,"minecraft:total_world_time":237251,"minecraft:toilet_used":2,"minecraft:interact_with_loom":2,"minecraft:stove_opened":8,"minecraft:trashcan_opened":3,"minecraft:sleep_in_bed":16,"minecraft:time_since_rest":441,"minecraft:cabinet_searched":1,"minecraft:damage_taken":4422,"minecraft:damage_dealt":15469,"minecraft:freezer_opened":11,"minecraft:fly_one_cm":100203,"minecraft:player_kills":1,"minecraft:crouch_one_cm":27970,"minecraft:fall_one_cm":30104},"minecraft:crafted":{"minecraft:bow":1,"farmersdelight:cooked_chicken_cuts":5,"minecraft:crafting_table":3,"minecraft:bowl":4,"minecraft:air":124,"minecraft:stick":4,"minecraft:wooden_axe":1},"minecraft:picked_up":{"create:cut_calcite":4,"sophisticatedbackpacks:gold_backpack":1,"minecraft:crafting_table":2,"apocalypsenow:fire_figther_boots":4,"tac:glock_17":1,"minecraft:flower_pot":1,"artifacts:umbrella":1,"apocalypsenow:u_sarmy_helmet":2,"minecraft:gold_block":5,"minecraft:potion":1,"cold_sweat:hearth":1,"refinedstorage:controller":1,"minecraft:heavy_weighted_pressure_plate":1,"minecraft:string":185,"another_furniture:oak_shelf":1,"minecraft:iron_leggings":1,"quark:polished_calcite_vertical_slab":4,"minecraft:quartz_slab":2,"apocalypsenow:night_stick":1,"minecraft:smooth_stone":11,"embellishcraft:smooth_basalt":6,"apocalypsenow:construction_boots":3,"minecraft:spruce_planks":4,"minecraft:rose_bush":5,"apocalypsenow:can":6,"quark:black_shard":6,"embellishcraft:sturdy_steel_door":1,"minecraft:smooth_quartz":15,"minecraft:smooth_quartz_stairs":1,"minecraft:dark_oak_door":1,"minecraft:diamond_ore":20,"minecraft:stick":4,"apocalypsenow:open_canned_melon":3,"embellishcraft:smooth_slate":2,"embellishcraft:smooth_marble":8,"embellishcraft:basalt_large_bricks_slab":5,"tac:m4":1,"farmersdelight:minced_beef":4,"minecraft:torch":30,"minecraft:acacia_log":9,"quark:black_framed_glass":2,"simplylight:lightbulb":1,"chalk:blue_chalk":1,"minecraft:carrot":1,"minecraft:dark_oak_planks":2,"minecraft:black_dye":4,"minecraft:quartz_block":4,"minecraft:cactus":1,"quark:smooth_quartz_vertical_slab":8,"apocalypsenow:porpsi":5,"apocalypsenow:open_canned_tomatos":6,"apocalypsenow:iron_locker":4,"immersiveengineering:steel_scaffolding_standard":1,"minecraft:rotten_flesh":183,"createaddition:barbed_wire":32,"minecraft:hay_block":2,"minecraft:blue_dye":3,"artifacts:running_shoes":1,"minecraft:cyan_terracotta":34,"apocalypsenow:police_chestplate":2,"minecraft:gold_ingot":22,"apocalypsenow:fire_figther_chestplate":1,"apocalypsenow:money_block":3,"minecraft:iron_bars":1,"minecraft:white_wool":10,"farmersdelight:beetroot_crate":1,"minecraft:cobblestone":37,"tac:round45":50,"minecraft:leather_chestplate":1,"apocalypsenow:peach_juice":3,"minecraft:iron_door":10,"minecraft:andesite":3,"quark:polished_calcite":3,"minecraft:leather":2,"create:framed_glass_trapdoor":1,"minecraft:potato":1,"farmersdelight:bacon":4,"minecraft:oak_log":4,"create:brass_block":7,"embellishcraft:polished_marble":4,"minecraft:gunpowder":3,"apocalypsenow:construction_chestplate":2,"another_furniture:light_gray_curtain":1,"minecraft:dirt":6,"embellishcraft:gneiss_large_bricks_wall":1,"apocalypsenow:u_sarmy_leggings":2,"minecraft:bone":206,"apocalypsenow:construction_leggings":1,"minecraft:stone_bricks":9,"apocalypsenow:human_flesh":3,"nameless_trinkets:experience_magnet":3,"farmersdelight:apple_cider":3,"apocalypsenow:money":44,"minecraft:iron_ingot":17,"minecraft:stone_pickaxe":1,"apocalypsenow:fire_figther_helmet":2,"tac:9mm_round":40,"create:polished_cut_calcite_wall":4,"minecraft:glass_bottle":40,"simplylight:illuminant_block":1,"minecraft:acacia_sapling":5,"apocalypsenow:blue_football_armor_boots":1,"quark:light_gray_shard":24,"apocalypsenow:u_sarmy_chestplate":3,"apocalypsenow:royal_canada_police_officer_leggings":1,"apocalypsenow:small_can":2,"create:cogwheel":1,"minecraft:stone_brick_slab":1,"cfm:oak_hedge":2,"minecraft:spruce_sapling":4,"minecraft:spruce_log":11,"apocalypsenow:dagger":2,"immersiveengineering:seed":3,"pfm:wall_toilet_paper":2,"create:brass_ingot":18,"minecraft:diamond":3,"quark:framed_glass_pane":2,"minecraft:painting":10,"apocalypsenow:blue_football_armor_chestplate":2,"apocalypsenow:black_bikers_helmet":1,"minecraft:bone_meal":1,"minecraft:baked_potato":1,"alexsmobs:maggot":5,"quark:gray_shard":17,"apocalypsenow:construction_helmet":3,"immersiveengineering:capacitor_hv":4,"minecraft:coal":8,"rocks:cobblestone_splitter":1,"minecraft:sunflower":1}},"DataVersion":2975}