{"stats":{"minecraft:killed":{"undead_revamp2:thesmoker":3,"undead_revamp2:bomber":2,"zombie_extreme:runner":2,"zombie_extreme:crawler":1,"undead_revamp2:the_moonflower":3,"minecraft:zombie":52,"zombie_extreme:infected_police":3,"alexsmobs:crow":1},"minecraft:crafted":{"minecraft:bow":1,"farmersdelight:cooked_chicken_cuts":5,"minecraft:crafting_table":2,"minecraft:bowl":4,"minecraft:air":108,"minecraft:stick":4,"minecraft:wooden_axe":1},"minecraft:dropped":{"minecraft:glass_bottle":21,"minecraft:diamond":3,"tac:glock_17":1,"minecraft:coal":1,"pfm:wall_toilet_paper":1,"refinedstorage:4k_storage_part":1,"apocalypsenow:night_stick":1,"minecraft:torch":6,"minecraft:iron_door":5,"minecraft:snowball":1,"minecraft:iron_leggings":1,"apocalypsenow:construction_helmet":1,"apocalypsenow:u_sarmy_helmet":1,"minecraft:dark_oak_planks":1,"minecraft:string":46,"chalk:blue_chalk":1,"minecraft:spruce_sapling":1,"apocalypsenow:small_can":3,"refinedstorage:controller":2,"minecraft:rotten_flesh":13,"apocalypsenow:money":12,"artifacts:umbrella":1,"minecraft:spruce_planks":3,"car:canister":1,"apocalypsenow:peach_juice":3,"apocalypsenow:dagger":1,"minecraft:stone_pickaxe":1,"firstaid:plaster":2,"tac:9mm_round":3,"immersiveengineering:seed":1},"minecraft:used":{"minecraft:stone_sword":81,"minecraft:spruce_planks":44,"farmersdelight:melon_juice":3,"minecraft:torch":46,"minecraft:dirt":4,"minecraft:wooden_axe":8,"minecraft:cyan_terracotta":1,"apocalypsenow:construction_helmet":1,"apocalypsenow:porpsi":11,"minecraft:acacia_planks":4,"apocalypsenow:night_stick":33,"apocalypsenow:police_chestplate":1,"apocalypsenow:electric_baton":27,"minecraft:glass_bottle":8,"minecraft:stone_pickaxe":96,"minecraft:wooden_pickaxe":38,"minecraft:crafting_table":5,"apocalypsenow:whisky":1,"apocalypsenow:coke":4,"minecraft:iron_door":1,"apocalypsenow:dagger":149,"chalk:red_chalk":4,"minecraft:cobblestone":32,"minecraft:wooden_sword":21,"minecraft:potion":16,"apocalypsenow:peach_juice":3,"chalk:blue_chalk":12},"minecraft:killed_by":{"minecraft:husk":1,"minecraft:player":1,"minecraft:zombie":3},"minecraft:broken":{"minecraft:wooden_pickaxe":1,"apocalypsenow:construction_helmet":1},"minecraft:picked_up":{"minecraft:crafting_table":2,"tac:glock_17":1,"apocalypsenow:fire_figther_boots":1,"apocalypsenow:u_sarmy_helmet":2,"refinedstorage:controller":1,"minecraft:heavy_weighted_pressure_plate":1,"minecraft:string":120,"minecraft:iron_leggings":1,"apocalypsenow:night_stick":1,"embellishcraft:smooth_basalt":1,"minecraft:smooth_stone":4,"minecraft:spruce_planks":4,"minecraft:dark_oak_door":1,"minecraft:stick":3,"embellishcraft:smooth_marble":2,"tac:m4":1,"minecraft:torch":22,"minecraft:acacia_log":9,"chalk:blue_chalk":1,"minecraft:dark_oak_planks":2,"minecraft:black_dye":4,"apocalypsenow:porpsi":5,"minecraft:rotten_flesh":80,"createaddition:barbed_wire":27,"minecraft:blue_dye":3,"minecraft:cyan_terracotta":9,"apocalypsenow:police_chestplate":1,"minecraft:iron_bars":1,"minecraft:cobblestone":37,"tac:round45":11,"minecraft:leather_chestplate":1,"apocalypsenow:peach_juice":3,"minecraft:iron_door":8,"minecraft:andesite":3,"minecraft:leather":2,"farmersdelight:bacon":4,"minecraft:oak_log":4,"minecraft:gunpowder":3,"apocalypsenow:construction_chestplate":1,"minecraft:dirt":6,"apocalypsenow:u_sarmy_leggings":1,"minecraft:bone":76,"apocalypsenow:human_flesh":1,"apocalypsenow:money":1,"minecraft:iron_ingot":3,"minecraft:stone_pickaxe":1,"minecraft:glass_bottle":36,"tac:9mm_round":26,"minecraft:acacia_sapling":5,"apocalypsenow:blue_football_armor_boots":1,"apocalypsenow:u_sarmy_chestplate":2,"apocalypsenow:royal_canada_police_officer_leggings":1,"apocalypsenow:small_can":2,"minecraft:stone_brick_slab":1,"cfm:oak_hedge":2,"minecraft:spruce_sapling":4,"minecraft:spruce_log":11,"apocalypsenow:dagger":2,"pfm:wall_toilet_paper":2,"minecraft:diamond":3,"immersiveengineering:seed":1,"apocalypsenow:blue_football_armor_chestplate":1,"quark:gray_shard":11,"apocalypsenow:construction_helmet":3,"minecraft:coal":8,"minecraft:sunflower":1},"minecraft:custom":{"lootr:looted_stat":27,"minecraft:mob_kills":69,"minecraft:interact_with_crafting_table":20,"minecraft:microwave_used":1,"minecraft:damage_dealt_resisted":78,"minecraft:leave_game":2,"minecraft:time_since_death":28713,"minecraft:climb_one_cm":33211,"minecraft:sprint_one_cm":106483,"minecraft:walk_one_cm":662164,"minecraft:fridge_opened":1,"minecraft:drop":47,"minecraft:chair_used":1,"minecraft:play_time":130990,"minecraft:deaths":7,"minecraft:sneak_time":7853,"minecraft:jump":760,"minecraft:walk_on_water_one_cm":525,"minecraft:total_world_time":130990,"minecraft:toilet_used":2,"minecraft:interact_with_loom":2,"minecraft:stove_opened":7,"minecraft:sleep_in_bed":3,"minecraft:time_since_rest":28739,"minecraft:damage_taken":2180,"minecraft:damage_dealt":6757,"minecraft:fly_one_cm":57944,"minecraft:freezer_opened":3,"minecraft:player_kills":1,"minecraft:crouch_one_cm":19891,"minecraft:fall_one_cm":14910},"minecraft:mined":{"minecraft:dark_oak_planks":2,"rocks:pinecone":1,"minecraft:spruce_planks":1,"minecraft:quartz_stairs":1,"minecraft:gray_stained_glass_pane":4,"minecraft:grass_block":6,"minecraft:white_concrete":3,"minecraft:spawner":1,"embellishcraft:smooth_basalt":2,"minecraft:smooth_stone":9,"minecraft:spruce_sapling":1,"minecraft:andesite":3,"rocks:birch_stick":1,"minecraft:iron_bars":1,"minecraft:stone":34,"create:dark_oak_window_pane":4,"minecraft:acacia_leaves":1,"minecraft:cyan_terracotta":2,"cfm:oak_hedge":2,"minecraft:stone_brick_slab":1,"minecraft:crafting_table":2,"minecraft:torch":10,"minecraft:gray_stained_glass":6,"minecraft:cobblestone":2,"biomesoplenty:sprout":2,"createaddition:barbed_wire":28,"minecraft:iron_door":6,"minecraft:wall_torch":15,"minecraft:acacia_sapling":1,"minecraft:spruce_log":1,"minecraft:grass":2,"embellishcraft:smooth_marble":2,"minecraft:oak_log":4,"minecraft:coal_ore":8,"minecraft:sunflower":1,"minecraft:dirt":2,"minecraft:cobweb":3,"minecraft:oak_leaves":1}},"DataVersion":2975}