{"stats":{"minecraft:killed":{"undead_revamp2:thesmoker":3,"undead_revamp2:bomber":2,"zombie_extreme:runner":2,"zombie_extreme:crawler":1,"minecraft:husk":1,"undead_revamp2:the_moonflower":3,"minecraft:zombie":67,"zombie_extreme:infected_police":4,"alexsmobs:crow":1},"minecraft:crafted":{"minecraft:bow":1,"farmersdelight:cooked_chicken_cuts":5,"minecraft:crafting_table":3,"minecraft:bowl":4,"minecraft:air":113,"minecraft:stick":4,"minecraft:wooden_axe":1},"minecraft:dropped":{"minecraft:glass_bottle":21,"minecraft:diamond":3,"tac:glock_17":1,"apocalypsenow:cereal":5,"create:cogwheel":1,"minecraft:coal":1,"pfm:wall_toilet_paper":1,"refinedstorage:4k_storage_part":1,"apocalypsenow:fire_figther_chestplate":1,"apocalypsenow:night_stick":1,"minecraft:torch":10,"apocalypsenow:fire_figther_boots":1,"minecraft:iron_door":8,"minecraft:snowball":1,"minecraft:iron_leggings":1,"apocalypsenow:construction_helmet":1,"apocalypsenow:can":6,"apocalypsenow:u_sarmy_helmet":1,"minecraft:dark_oak_planks":1,"minecraft:string":46,"chalk:blue_chalk":1,"minecraft:spruce_sapling":1,"minecraft:bone":4,"apocalypsenow:small_can":3,"refinedstorage:controller":2,"minecraft:rotten_flesh":21,"apocalypsenow:money":12,"artifacts:umbrella":1,"nameless_trinkets:experience_magnet":3,"minecraft:spruce_planks":3,"artifacts:running_shoes":1,"minecraft:quartz_block":2,"apocalypsenow:open_canned_tomatos":6,"car:canister":1,"apocalypsenow:peach_juice":3,"apocalypsenow:dagger":1,"minecraft:stone_pickaxe":1,"firstaid:plaster":2,"tac:9mm_round":3,"immersiveengineering:seed":1,"apocalypsenow:blue_football_armor_boots":1},"minecraft:used":{"apocalypsenow:butterfly_knife":13,"minecraft:stone_sword":81,"minecraft:spruce_planks":44,"farmersdelight:melon_juice":3,"minecraft:torch":59,"minecraft:dirt":4,"minecraft:wooden_axe":8,"minecraft:cyan_terracotta":2,"apocalypsenow:money_block":3,"minecraft:smooth_quartz":5,"minecraft:stone_bricks":9,"minecraft:hay_block":2,"apocalypsenow:construction_helmet":1,"apocalypsenow:porpsi":16,"apocalypsenow:bayonet":16,"minecraft:acacia_planks":4,"apocalypsenow:night_stick":33,"apocalypsenow:police_chestplate":1,"apocalypsenow:electric_baton":64,"minecraft:glass_bottle":8,"minecraft:stone_pickaxe":124,"minecraft:wooden_pickaxe":38,"minecraft:white_wool":2,"minecraft:crafting_table":6,"apocalypsenow:whisky":1,"apocalypsenow:coke":4,"farmersdelight:apple_cider":3,"minecraft:iron_pickaxe":18,"minecraft:iron_door":1,"apocalypsenow:dagger":153,"chalk:red_chalk":4,"minecraft:cobblestone":32,"minecraft:wooden_sword":21,"minecraft:potion":16,"chalk:blue_chalk":12,"apocalypsenow:peach_juice":3,"minecraft:smooth_stone":2},"minecraft:killed_by":{"minecraft:husk":1,"minecraft:player":1,"minecraft:zombie":3},"minecraft:broken":{"minecraft:wooden_pickaxe":1,"apocalypsenow:construction_helmet":1},"minecraft:picked_up":{"sophisticatedbackpacks:gold_backpack":1,"minecraft:crafting_table":2,"tac:glock_17":1,"apocalypsenow:fire_figther_boots":2,"minecraft:flower_pot":1,"artifacts:umbrella":1,"minecraft:gold_block":3,"apocalypsenow:u_sarmy_helmet":2,"refinedstorage:controller":1,"minecraft:heavy_weighted_pressure_plate":1,"minecraft:string":137,"another_furniture:oak_shelf":1,"minecraft:iron_leggings":1,"quark:polished_calcite_vertical_slab":4,"apocalypsenow:night_stick":1,"minecraft:smooth_stone":7,"embellishcraft:smooth_basalt":1,"minecraft:spruce_planks":4,"apocalypsenow:can":6,"embellishcraft:sturdy_steel_door":1,"minecraft:smooth_quartz":9,"minecraft:smooth_quartz_stairs":1,"minecraft:diamond_ore":20,"minecraft:dark_oak_door":1,"minecraft:stick":3,"embellishcraft:smooth_marble":2,"tac:m4":1,"minecraft:torch":30,"minecraft:acacia_log":9,"chalk:blue_chalk":1,"minecraft:dark_oak_planks":2,"minecraft:black_dye":4,"minecraft:cactus":1,"minecraft:quartz_block":2,"apocalypsenow:iron_locker":4,"quark:smooth_quartz_vertical_slab":8,"apocalypsenow:porpsi":5,"apocalypsenow:open_canned_tomatos":6,"minecraft:rotten_flesh":111,"createaddition:barbed_wire":27,"minecraft:hay_block":2,"artifacts:running_shoes":1,"minecraft:blue_dye":3,"minecraft:cyan_terracotta":10,"apocalypsenow:police_chestplate":1,"minecraft:gold_ingot":22,"minecraft:white_wool":8,"farmersdelight:beetroot_crate":1,"minecraft:iron_bars":1,"apocalypsenow:fire_figther_chestplate":1,"apocalypsenow:money_block":3,"minecraft:cobblestone":37,"tac:round45":14,"minecraft:leather_chestplate":1,"apocalypsenow:peach_juice":3,"minecraft:iron_door":10,"minecraft:andesite":3,"quark:polished_calcite":3,"minecraft:leather":2,"farmersdelight:bacon":4,"embellishcraft:polished_marble":4,"create:brass_block":7,"minecraft:oak_log":4,"minecraft:gunpowder":3,"apocalypsenow:construction_chestplate":1,"minecraft:dirt":6,"apocalypsenow:u_sarmy_leggings":1,"minecraft:bone":126,"minecraft:stone_bricks":9,"nameless_trinkets:experience_magnet":3,"apocalypsenow:human_flesh":2,"farmersdelight:apple_cider":3,"apocalypsenow:money":43,"minecraft:iron_ingot":17,"minecraft:stone_pickaxe":1,"minecraft:glass_bottle":39,"tac:9mm_round":32,"minecraft:acacia_sapling":5,"apocalypsenow:blue_football_armor_boots":1,"apocalypsenow:u_sarmy_chestplate":2,"apocalypsenow:royal_canada_police_officer_leggings":1,"create:cogwheel":1,"apocalypsenow:small_can":2,"minecraft:stone_brick_slab":1,"cfm:oak_hedge":2,"minecraft:spruce_sapling":4,"minecraft:spruce_log":11,"apocalypsenow:dagger":2,"create:brass_ingot":18,"pfm:wall_toilet_paper":2,"minecraft:diamond":3,"immersiveengineering:seed":1,"apocalypsenow:black_bikers_helmet":1,"minecraft:painting":10,"apocalypsenow:blue_football_armor_chestplate":1,"alexsmobs:maggot":1,"quark:gray_shard":11,"apocalypsenow:construction_helmet":3,"immersiveengineering:capacitor_hv":4,"minecraft:coal":8,"minecraft:sunflower":1},"minecraft:custom":{"lootr:looted_stat":43,"minecraft:mob_kills":96,"minecraft:interact_with_crafting_table":22,"minecraft:open_barrel":3,"minecraft:microwave_used":1,"minecraft:open_shulker_box":2,"minecraft:damage_dealt_resisted":78,"minecraft:leave_game":2,"minecraft:time_since_death":76008,"minecraft:climb_one_cm":38830,"minecraft:sprint_one_cm":126883,"minecraft:walk_one_cm":888606,"minecraft:fridge_opened":2,"minecraft:drop":87,"minecraft:chair_used":1,"minecraft:talked_to_villager":1,"minecraft:play_time":178285,"minecraft:deaths":7,"minecraft:sneak_time":8570,"minecraft:walk_under_water_one_cm":369,"minecraft:jump":1017,"minecraft:walk_on_water_one_cm":1559,"minecraft:total_world_time":178285,"minecraft:toilet_used":2,"minecraft:interact_with_loom":2,"minecraft:stove_opened":7,"minecraft:trashcan_opened":2,"minecraft:sleep_in_bed":7,"minecraft:cabinet_searched":1,"minecraft:time_since_rest":0,"minecraft:damage_taken":2555,"minecraft:damage_dealt":8938,"minecraft:fly_one_cm":69957,"minecraft:freezer_opened":5,"minecraft:player_kills":1,"minecraft:crouch_one_cm":21817,"minecraft:fall_one_cm":19871},"minecraft:mined":{"minecraft:dark_oak_planks":2,"immersiveengineering:capacitor_hv":4,"rocks:pinecone":1,"minecraft:spruce_planks":1,"embellishcraft:sturdy_steel_door":1,"minecraft:quartz_stairs":1,"another_furniture:oak_shelf":1,"minecraft:potted_cactus":1,"minecraft:gray_stained_glass_pane":4,"minecraft:grass_block":6,"minecraft:white_concrete":3,"apocalypsenow:iron_locker":4,"minecraft:spawner":1,"embellishcraft:smooth_basalt":2,"minecraft:smooth_stone":10,"minecraft:spruce_sapling":1,"minecraft:andesite":3,"minecraft:gold_block":3,"rocks:birch_stick":1,"minecraft:iron_bars":1,"minecraft:smooth_quartz_stairs":1,"minecraft:stone":34,"create:dark_oak_window_pane":4,"create:cogwheel":1,"minecraft:acacia_leaves":1,"minecraft:quartz_block":2,"minecraft:cyan_terracotta":4,"cfm:oak_hedge":2,"minecraft:stone_brick_slab":1,"minecraft:crafting_table":2,"apocalypsenow:money_block":7,"minecraft:torch":16,"minecraft:gray_stained_glass":6,"minecraft:cobblestone":2,"biomesoplenty:sprout":2,"createaddition:barbed_wire":28,"minecraft:iron_door":6,"minecraft:wall_torch":18,"minecraft:acacia_sapling":1,"minecraft:spruce_log":1,"minecraft:grass":2,"embellishcraft:smooth_marble":2,"minecraft:oak_log":4,"minecraft:coal_ore":8,"minecraft:sunflower":1,"minecraft:smooth_quartz":10,"minecraft:dirt":2,"minecraft:cobweb":4,"create:brass_block":8,"quark:polished_calcite_vertical_slab":4,"minecraft:oak_leaves":1}},"DataVersion":2975}