{"stats":{"minecraft:killed":{"undead_revamp2:thesmoker":1,"undead_revamp2:bomber":1,"minecraft:zombie":5,"zombie_extreme:infected_police":2,"zombie_extreme:runner":2},"minecraft:crafted":{"minecraft:air":108,"minecraft:bow":1,"minecraft:stick":4,"minecraft:wooden_axe":1},"minecraft:dropped":{"minecraft:diamond":1,"refinedstorage:controller":2,"minecraft:rotten_flesh":4,"refinedstorage:4k_storage_part":1,"minecraft:torch":2,"car:canister":1,"firstaid:plaster":2,"tac:9mm_round":3,"minecraft:spruce_sapling":1},"minecraft:used":{"minecraft:stone_sword":15,"minecraft:glass_bottle":8,"minecraft:stone_pickaxe":1,"minecraft:wooden_pickaxe":38,"minecraft:torch":3,"minecraft:dirt":4,"minecraft:crafting_table":3,"minecraft:wooden_axe":8,"chalk:red_chalk":4,"minecraft:wooden_sword":21,"minecraft:potion":8,"apocalypsenow:construction_helmet":1,"chalk:blue_chalk":12},"minecraft:killed_by":{"minecraft:husk":1,"minecraft:zombie":1},"minecraft:broken":{"minecraft:wooden_pickaxe":1},"minecraft:picked_up":{"tac:round45":4,"minecraft:crafting_table":2,"minecraft:leather":2,"minecraft:oak_log":4,"refinedstorage:controller":1,"minecraft:string":7,"minecraft:dirt":6,"minecraft:bone":10,"minecraft:smooth_stone":1,"tac:9mm_round":11,"minecraft:acacia_sapling":5,"minecraft:stick":3,"apocalypsenow:u_sarmy_chestplate":1,"minecraft:stone_brick_slab":1,"minecraft:torch":5,"minecraft:acacia_log":9,"cfm:oak_hedge":2,"minecraft:spruce_sapling":4,"minecraft:spruce_log":11,"minecraft:rotten_flesh":15,"minecraft:diamond":1,"quark:gray_shard":11,"apocalypsenow:construction_helmet":2,"minecraft:coal":4,"minecraft:cobblestone":15},"minecraft:mined":{"rocks:pinecone":1,"minecraft:acacia_leaves":1,"minecraft:quartz_stairs":1,"cfm:oak_hedge":2,"minecraft:stone_brick_slab":1,"minecraft:crafting_table":2,"minecraft:torch":4,"minecraft:grass_block":4,"minecraft:gray_stained_glass":6,"minecraft:wall_torch":2,"minecraft:spawner":1,"minecraft:smooth_stone":1,"minecraft:acacia_sapling":1,"minecraft:spruce_sapling":1,"minecraft:spruce_log":1,"minecraft:coal_ore":4,"minecraft:oak_log":4,"rocks:birch_stick":1,"minecraft:dirt":2,"minecraft:cobweb":1,"minecraft:stone":16},"minecraft:custom":{"lootr:looted_stat":5,"minecraft:mob_kills":9,"minecraft:interact_with_crafting_table":13,"minecraft:damage_dealt_resisted":78,"minecraft:time_since_death":11446,"minecraft:climb_one_cm":11701,"minecraft:time_since_rest":12356,"minecraft:sprint_one_cm":72513,"minecraft:damage_taken":644,"minecraft:walk_one_cm":183562,"minecraft:drop":17,"minecraft:damage_dealt":1305,"minecraft:chair_used":1,"minecraft:fly_one_cm":31095,"minecraft:crouch_one_cm":1833,"minecraft:play_time":36345,"minecraft:deaths":3,"minecraft:sneak_time":774,"minecraft:jump":232,"minecraft:walk_on_water_one_cm":525,"minecraft:total_world_time":36345,"minecraft:fall_one_cm":4562}},"DataVersion":2975}