{"stats":{"minecraft:killed":{"undead_revamp2:thesmoker":9,"minecraft:zombie":114,"zombie_extreme:infected_police":7,"alexsmobs:fly":2,"undead_revamp2:bomber":2,"zombiemobs:zombie_wolf":1,"zombie_extreme:runner":2,"zombie_extreme:crawler":2,"minecraft:husk":8,"undead_revamp2:the_moonflower":6,"alexsmobs:crow":1},"minecraft:used":{"apocalypsenow:chips":6,"farmersdelight:melon_juice":3,"apocalypsenow:apple_juice":1,"farmersdelight:roast_chicken":7,"embellishcraft:smooth_marble":6,"apocalypsenow:coffee":5,"minecraft:cyan_terracotta":26,"apocalypsenow:beer":3,"farmersdelight:melon_popsicle":2,"apocalypsenow:money_block":3,"minecraft:stone_bricks":9,"minecraft:hay_block":2,"apocalypsenow:construction_helmet":1,"apocalypsenow:bayonet":39,"apocalypsenow:police_chestplate":1,"apocalypsenow:energy_drink":3,"apocalypsenow:electric_baton":158,"quark:framed_glass_pane":2,"minecraft:stone_pickaxe":127,"minecraft:wooden_pickaxe":38,"minecraft:white_wool":2,"apocalypsenow:whisky":1,"embellishcraft:gneiss_large_bricks_wall":1,"apocalypsenow:coke":4,"farmersdelight:cooked_chicken_cuts":5,"minecraft:iron_door":1,"apocalypsenow:dagger":353,"chalk:red_chalk":4,"minecraft:wooden_sword":21,"apocalypsenow:butterfly_knife":13,"minecraft:stone_sword":81,"minecraft:spruce_planks":44,"create:cut_calcite":2,"minecraft:torch":59,"minecraft:dirt":4,"farmersdelight:bacon":2,"apocalypsenow:orange_juice":3,"minecraft:wooden_axe":8,"alexsmobs:maggot":4,"minecraft:smooth_quartz":8,"apocalypsenow:porpsi":16,"minecraft:acacia_planks":4,"apocalypsenow:night_stick":33,"farmersdelight:roast_chicken_block":1,"minecraft:glass_bottle":8,"create:framed_glass_trapdoor":1,"minecraft:crafting_table":8,"simplylight:illuminant_block":1,"farmersdelight:minced_beef":4,"farmersdelight:apple_cider":3,"minecraft:iron_pickaxe":143,"minecraft:cobblestone":32,"minecraft:potion":24,"apocalypsenow:peach_juice":4,"chalk:blue_chalk":12,"minecraft:smooth_stone":2},"minecraft:dropped":{"minecraft:diamond":3,"minecraft:glass_bottle":21,"create:cogwheel":1,"refinedstorage:4k_storage_part":1,"quark:light_gray_shard":24,"apocalypsenow:open_canned_melon":2,"apocalypsenow:night_stick":1,"apocalypsenow:construction_leggings":1,"apocalypsenow:fire_figther_boots":1,"minecraft:snowball":1,"apocalypsenow:construction_helmet":2,"apocalypsenow:u_sarmy_helmet":1,"apocalypsenow:can":6,"minecraft:dark_oak_planks":1,"minecraft:bone":4,"apocalypsenow:small_can":4,"minecraft:rotten_flesh":26,"apocalypsenow:money":12,"artifacts:umbrella":1,"nameless_trinkets:experience_magnet":3,"minecraft:quartz_block":2,"apocalypsenow:dagger":1,"immersiveengineering:seed":3,"apocalypsenow:blue_football_armor_boots":1,"tac:glock_17":1,"apocalypsenow:cereal":5,"minecraft:coal":1,"pfm:wall_toilet_paper":1,"apocalypsenow:blue_football_armor_chestplate":1,"apocalypsenow:fire_figther_chestplate":1,"minecraft:torch":10,"minecraft:rose_bush":1,"minecraft:smooth_quartz":3,"minecraft:iron_door":8,"minecraft:iron_leggings":1,"minecraft:cactus":1,"minecraft:string":46,"chalk:blue_chalk":1,"minecraft:spruce_sapling":1,"refinedstorage:controller":2,"sophisticatedbackpacks:backpack":1,"another_furniture:light_gray_curtain":1,"apocalypsenow:construction_chestplate":1,"minecraft:spruce_planks":3,"artifacts:running_shoes":1,"apocalypsenow:open_canned_tomatos":6,"car:canister":1,"apocalypsenow:peach_juice":3,"minecraft:stone_pickaxe":1,"firstaid:plaster":2,"tac:9mm_round":3},"minecraft:broken":{"minecraft:stone_pickaxe":1,"apocalypsenow:construction_helmet":1,"minecraft:wooden_pickaxe":1},"minecraft:mined":{"minecraft:dark_oak_planks":2,"immersiveengineering:capacitor_hv":4,"minecraft:spruce_planks":1,"embellishcraft:sturdy_steel_door":1,"farmersdelight:roast_chicken_block":1,"another_furniture:oak_shelf":1,"minecraft:potted_cactus":1,"embellishcraft:basalt_large_bricks_slab":10,"minecraft:grass_block":8,"create:polished_cut_calcite_wall":4,"minecraft:white_concrete":3,"minecraft:spawner":1,"embellishcraft:smooth_basalt":7,"minecraft:smooth_stone":14,"minecraft:quartz_slab":2,"minecraft:iron_bars":3,"create:dark_oak_window_pane":10,"create:cogwheel":1,"minecraft:quartz_block":4,"minecraft:cyan_terracotta":36,"cfm:oak_hedge":2,"embellishcraft:smooth_slate":2,"apocalypsenow:money_block":7,"minecraft:torch":16,"quark:framed_glass_pane":2,"minecraft:cobblestone":2,"createaddition:barbed_wire":33,"minecraft:iron_door":6,"minecraft:wall_torch":18,"minecraft:acacia_sapling":1,"rocks:spruce_stick":1,"minecraft:light_gray_stained_glass":10,"minecraft:grass":6,"minecraft:oak_log":4,"create:vertical_framed_glass_pane":3,"another_furniture:light_gray_curtain":1,"minecraft:dirt":3,"minecraft:smooth_quartz":16,"simplylight:illuminant_block":1,"embellishcraft:smooth_marble_stairs":1,"quark:polished_calcite_vertical_slab":4,"minecraft:oak_leaves":3,"rocks:pinecone":3,"minecraft:quartz_stairs":1,"minecraft:gray_stained_glass_pane":6,"simplylight:lightbulb":1,"embellishcraft:smooth_basalt_slab":1,"quark:black_framed_glass":2,"rocks:rock":1,"apocalypsenow:iron_locker":4,"create:cut_calcite":2,"minecraft:spruce_sapling":1,"cold_sweat:hearth_bottom":1,"minecraft:andesite":3,"minecraft:gold_block":5,"rocks:birch_stick":1,"minecraft:smooth_quartz_stairs":1,"minecraft:stone":34,"minecraft:white_wool":2,"minecraft:acacia_leaves":1,"minecraft:stone_brick_slab":1,"minecraft:crafting_table":2,"minecraft:gray_stained_glass":8,"minecraft:rose_bush":7,"embellishcraft:gneiss_large_bricks_wall":1,"biomesoplenty:sprout":10,"embellishcraft:basalt_large_bricks":2,"minecraft:spruce_log":1,"embellishcraft:smooth_marble":11,"immersiveengineering:steel_scaffolding_standard":1,"minecraft:coal_ore":8,"minecraft:sunflower":1,"minecraft:cobweb":4,"create:brass_block":8},"minecraft:killed_by":{"zombie_extreme:demolisher":1,"minecraft:zombie":4,"undead_revamp2:thepregnant":2,"minecraft:husk":2,"minecraft:player":2},"minecraft:custom":{"lootr:looted_stat":54,"minecraft:interact_with_crafting_table":25,"minecraft:open_barrel":3,"minecraft:microwave_used":1,"minecraft:open_shulker_box":2,"minecraft:leave_game":6,"minecraft:time_since_death":2108,"minecraft:sprint_one_cm":188185,"minecraft:drop":107,"minecraft:talked_to_villager":1,"minecraft:play_time":249153,"minecraft:deaths":14,"minecraft:jump":1456,"minecraft:walk_on_water_one_cm":3930,"minecraft:interact_with_loom":2,"minecraft:stove_opened":8,"minecraft:sleep_in_bed":17,"minecraft:damage_dealt":15738,"minecraft:player_kills":1,"minecraft:crouch_one_cm":28046,"minecraft:mob_kills":217,"minecraft:damage_dealt_resisted":78,"minecraft:climb_one_cm":51321,"minecraft:walk_one_cm":1208306,"minecraft:fridge_opened":9,"minecraft:chair_used":1,"minecraft:sneak_time":11209,"minecraft:walk_under_water_one_cm":579,"minecraft:total_world_time":249153,"minecraft:toilet_used":2,"minecraft:trashcan_opened":3,"minecraft:cabinet_searched":1,"minecraft:time_since_rest":2149,"minecraft:damage_taken":4776,"minecraft:fly_one_cm":110192,"minecraft:freezer_opened":11,"minecraft:fall_one_cm":31896},"minecraft:crafted":{"minecraft:bow":1,"minecraft:crafting_table":3,"minecraft:stick":4,"farmersdelight:cooked_chicken_cuts":5,"minecraft:bowl":4,"minecraft:air":124,"minecraft:wooden_axe":1},"minecraft:picked_up":{"tac:mk23":1,"minecraft:flower_pot":1,"artifacts:umbrella":2,"minecraft:potion":1,"refinedstorage:controller":1,"minecraft:string":203,"another_furniture:oak_shelf":1,"minecraft:iron_leggings":2,"quark:polished_calcite_vertical_slab":4,"minecraft:smooth_stone":11,"minecraft:spruce_planks":4,"minecraft:rose_bush":10,"minecraft:smooth_quartz":15,"quark:black_shard":6,"minecraft:iron_pickaxe":1,"minecraft:smooth_quartz_stairs":1,"minecraft:diamond_ore":20,"minecraft:dark_oak_door":1,"minecraft:stick":4,"embellishcraft:smooth_slate":2,"embellishcraft:smooth_marble":8,"tac:m4":1,"embellishcraft:basalt_large_bricks_slab":5,"apocalypsenow:open_canned_melon":5,"minecraft:acacia_log":9,"minecraft:torch":30,"simplylight:lightbulb":1,"chalk:blue_chalk":1,"minecraft:black_dye":4,"minecraft:quartz_block":4,"quark:smooth_quartz_vertical_slab":8,"apocalypsenow:iron_locker":4,"apocalypsenow:porpsi":5,"minecraft:cactus":1,"minecraft:rotten_flesh":255,"createaddition:barbed_wire":32,"minecraft:blue_dye":3,"minecraft:cyan_terracotta":34,"apocalypsenow:police_chestplate":2,"minecraft:iron_bars":1,"farmersdelight:beetroot_crate":1,"apocalypsenow:money_block":3,"minecraft:cobblestone":37,"tac:round45":50,"minecraft:leather_chestplate":1,"apocalypsenow:peach_juice":3,"minecraft:iron_door":10,"minecraft:andesite":3,"quark:polished_calcite":3,"artifacts:thorn_pendant":1,"minecraft:potato":1,"farmersdelight:bacon":4,"apocalypsenow:construction_chestplate":3,"minecraft:dirt":9,"minecraft:bone":240,"apocalypsenow:human_flesh":4,"minecraft:wheat_seeds":1,"nameless_trinkets:experience_magnet":4,"create:polished_cut_calcite_wall":4,"tac:9mm_round":45,"apocalypsenow:electric_baton":2,"apocalypsenow:u_sarmy_chestplate":4,"create:cogwheel":1,"apocalypsenow:small_can":2,"cfm:oak_hedge":2,"apocalypsenow:dagger":4,"apocalypsenow:hockey_helmet":1,"minecraft:diamond":3,"apocalypsenow:bayonet":1,"apocalypsenow:black_bikers_helmet":1,"apocalypsenow:blue_football_armor_chestplate":2,"minecraft:bone_meal":1,"alexsmobs:maggot":5,"apocalypsenow:construction_helmet":4,"rocks:cobblestone_splitter":2,"create:cut_calcite":4,"sophisticatedbackpacks:gold_backpack":2,"minecraft:crafting_table":2,"tac:glock_17":2,"apocalypsenow:fire_figther_boots":4,"minecraft:gold_block":5,"apocalypsenow:u_sarmy_helmet":2,"cold_sweat:hearth":1,"minecraft:heavy_weighted_pressure_plate":1,"artifacts:feral_claws":1,"minecraft:quartz_slab":2,"apocalypsenow:night_stick":1,"embellishcraft:smooth_basalt":6,"apocalypsenow:construction_boots":3,"apocalypsenow:can":6,"embellishcraft:sturdy_steel_door":1,"farmersdelight:minced_beef":4,"minecraft:bowl":4,"sophisticatedbackpacks:backpack":2,"quark:black_framed_glass":2,"minecraft:carrot":1,"minecraft:dark_oak_planks":2,"immersiveengineering:steel_scaffolding_standard":1,"apocalypsenow:open_canned_tomatos":6,"minecraft:hay_block":2,"artifacts:running_shoes":1,"minecraft:gold_ingot":22,"apocalypsenow:fire_figther_chestplate":1,"minecraft:white_wool":10,"minecraft:leather":2,"minecraft:fern":1,"create:framed_glass_trapdoor":1,"embellishcraft:polished_marble":4,"create:brass_block":7,"minecraft:oak_log":4,"minecraft:gunpowder":3,"another_furniture:light_gray_curtain":1,"embellishcraft:gneiss_large_bricks_wall":1,"tac:m1911":1,"apocalypsenow:u_sarmy_leggings":2,"apocalypsenow:construction_leggings":1,"minecraft:stone_bricks":9,"farmersdelight:apple_cider":3,"apocalypsenow:money":44,"minecraft:iron_ingot":18,"minecraft:stone_pickaxe":1,"apocalypsenow:fire_figther_helmet":2,"artifacts:steadfast_spikes":1,"minecraft:glass_bottle":42,"simplylight:illuminant_block":1,"minecraft:acacia_sapling":5,"quark:light_gray_shard":24,"apocalypsenow:blue_football_armor_boots":1,"artifacts:obsidian_skull":1,"apocalypsenow:royal_canada_police_officer_leggings":1,"minecraft:stone_brick_slab":1,"minecraft:spruce_sapling":5,"minecraft:spruce_log":11,"immersiveengineering:seed":3,"create:brass_ingot":18,"pfm:wall_toilet_paper":2,"quark:framed_glass_pane":2,"minecraft:painting":10,"minecraft:baked_potato":2,"quark:gray_shard":17,"immersiveengineering:capacitor_hv":4,"minecraft:coal":8,"minecraft:sunflower":1}},"DataVersion":2975}