{"stats":{"minecraft:picked_up":{"tac:round45":2,"apocalypsenow:u_sarmy_chestplate":1,"minecraft:torch":1,"minecraft:oak_log":4,"cfm:oak_hedge":2,"minecraft:spruce_log":1,"minecraft:string":2,"minecraft:dirt":4,"minecraft:rotten_flesh":4,"minecraft:smooth_stone":1,"tac:9mm_round":7,"apocalypsenow:construction_helmet":2},"minecraft:mined":{"minecraft:smooth_stone":1,"minecraft:quartz_stairs":1,"cfm:oak_hedge":2,"minecraft:spruce_log":1,"minecraft:torch":2,"minecraft:oak_log":4,"minecraft:grass_block":1,"minecraft:dirt":2,"minecraft:spawner":1},"minecraft:crafted":{"minecraft:air":21},"minecraft:dropped":{"car:canister":1,"firstaid:plaster":2,"tac:9mm_round":3},"minecraft:killed":{"minecraft:zombie":2,"zombie_extreme:infected_police":1},"minecraft:killed_by":{"minecraft:husk":1},"minecraft:used":{"minecraft:wooden_pickaxe":18,"minecraft:torch":2,"chalk:red_chalk":4,"minecraft:wooden_sword":1,"minecraft:dirt":3,"minecraft:potion":2,"apocalypsenow:construction_helmet":1,"chalk:blue_chalk":12},"minecraft:custom":{"minecraft:time_since_rest":6575,"lootr:looted_stat":3,"minecraft:sprint_one_cm":7976,"minecraft:damage_taken":217,"minecraft:walk_one_cm":72358,"minecraft:drop":6,"minecraft:damage_dealt":267,"minecraft:chair_used":1,"minecraft:interact_with_crafting_table":2,"minecraft:fly_one_cm":5381,"minecraft:crouch_one_cm":1023,"minecraft:play_time":12718,"minecraft:deaths":1,"minecraft:sneak_time":376,"minecraft:jump":67,"minecraft:damage_dealt_resisted":5,"minecraft:time_since_death":6524,"minecraft:climb_one_cm":5178,"minecraft:total_world_time":12718,"minecraft:fall_one_cm":1373}},"DataVersion":2975}