{"stats":{"minecraft:killed":{"undead_revamp2:thesmoker":1,"undead_revamp2:bomber":1,"minecraft:zombie":6,"zombie_extreme:infected_police":2,"zombie_extreme:runner":2},"minecraft:crafted":{"minecraft:air":108,"minecraft:bow":1,"minecraft:stick":4,"farmersdelight:cooked_chicken_cuts":5,"minecraft:wooden_axe":1},"minecraft:dropped":{"minecraft:diamond":1,"refinedstorage:controller":2,"minecraft:rotten_flesh":4,"minecraft:coal":1,"pfm:wall_toilet_paper":1,"refinedstorage:4k_storage_part":1,"minecraft:torch":2,"car:canister":1,"firstaid:plaster":2,"tac:9mm_round":3,"minecraft:spruce_sapling":1},"minecraft:used":{"minecraft:stone_sword":22,"minecraft:glass_bottle":8,"minecraft:stone_pickaxe":1,"minecraft:wooden_pickaxe":38,"minecraft:torch":3,"minecraft:dirt":4,"minecraft:crafting_table":3,"apocalypsenow:coke":4,"minecraft:wooden_axe":8,"chalk:red_chalk":4,"minecraft:wooden_sword":21,"minecraft:potion":13,"apocalypsenow:construction_helmet":1,"apocalypsenow:porpsi":5,"chalk:blue_chalk":12},"minecraft:killed_by":{"minecraft:husk":1,"minecraft:zombie":1},"minecraft:broken":{"minecraft:wooden_pickaxe":1},"minecraft:picked_up":{"tac:round45":6,"minecraft:crafting_table":2,"minecraft:leather":2,"farmersdelight:bacon":4,"minecraft:oak_log":4,"refinedstorage:controller":1,"minecraft:gunpowder":2,"minecraft:heavy_weighted_pressure_plate":1,"minecraft:string":10,"minecraft:dirt":6,"minecraft:bone":12,"minecraft:smooth_stone":1,"minecraft:glass_bottle":15,"tac:9mm_round":16,"minecraft:acacia_sapling":5,"minecraft:dark_oak_door":1,"minecraft:stick":3,"apocalypsenow:u_sarmy_chestplate":1,"apocalypsenow:small_can":1,"minecraft:stone_brick_slab":1,"minecraft:torch":6,"minecraft:acacia_log":9,"cfm:oak_hedge":2,"minecraft:spruce_sapling":4,"minecraft:spruce_log":11,"minecraft:black_dye":4,"apocalypsenow:porpsi":5,"minecraft:rotten_flesh":15,"pfm:wall_toilet_paper":2,"minecraft:diamond":1,"minecraft:blue_dye":3,"quark:gray_shard":11,"apocalypsenow:construction_helmet":2,"minecraft:coal":4,"minecraft:cobblestone":15},"minecraft:mined":{"rocks:pinecone":1,"minecraft:acacia_leaves":1,"minecraft:quartz_stairs":1,"cfm:oak_hedge":2,"minecraft:stone_brick_slab":1,"minecraft:crafting_table":2,"minecraft:torch":4,"minecraft:grass_block":6,"minecraft:gray_stained_glass":6,"minecraft:wall_torch":2,"minecraft:spawner":1,"minecraft:smooth_stone":1,"minecraft:acacia_sapling":1,"minecraft:spruce_sapling":1,"minecraft:spruce_log":1,"minecraft:grass":1,"minecraft:coal_ore":4,"minecraft:oak_log":4,"rocks:birch_stick":1,"minecraft:dirt":2,"minecraft:cobweb":1,"minecraft:stone":16},"minecraft:custom":{"lootr:looted_stat":7,"minecraft:mob_kills":10,"minecraft:toilet_used":2,"minecraft:interact_with_crafting_table":13,"minecraft:interact_with_loom":2,"minecraft:stove_opened":7,"minecraft:damage_dealt_resisted":78,"minecraft:time_since_death":23446,"minecraft:sleep_in_bed":1,"minecraft:climb_one_cm":11817,"minecraft:time_since_rest":2280,"minecraft:sprint_one_cm":73585,"minecraft:damage_taken":880,"minecraft:walk_one_cm":225783,"minecraft:fridge_opened":1,"minecraft:drop":19,"minecraft:damage_dealt":1467,"minecraft:chair_used":1,"minecraft:freezer_opened":2,"minecraft:fly_one_cm":32252,"minecraft:player_kills":1,"minecraft:crouch_one_cm":2016,"minecraft:play_time":48345,"minecraft:deaths":3,"minecraft:sneak_time":805,"minecraft:jump":283,"minecraft:walk_on_water_one_cm":525,"minecraft:total_world_time":48345,"minecraft:fall_one_cm":5462}},"DataVersion":2975}