{"stats":{"minecraft:killed":{"zombie_extreme:crawler":1,"undead_revamp2:thesmoker":1,"undead_revamp2:bomber":2,"minecraft:zombie":18,"zombie_extreme:infected_police":2,"alexsmobs:crow":1,"zombie_extreme:runner":2},"minecraft:crafted":{"minecraft:crafting_table":2,"minecraft:bowl":4,"minecraft:air":108,"minecraft:bow":1,"minecraft:stick":4,"farmersdelight:cooked_chicken_cuts":5,"minecraft:wooden_axe":1},"minecraft:dropped":{"minecraft:glass_bottle":21,"minecraft:diamond":1,"refinedstorage:controller":2,"minecraft:rotten_flesh":4,"minecraft:coal":1,"pfm:wall_toilet_paper":1,"refinedstorage:4k_storage_part":1,"minecraft:torch":6,"car:canister":1,"apocalypsenow:peach_juice":3,"firstaid:plaster":2,"tac:9mm_round":3,"immersiveengineering:seed":1,"minecraft:spruce_sapling":1},"minecraft:used":{"minecraft:stone_sword":76,"minecraft:glass_bottle":8,"minecraft:stone_pickaxe":31,"minecraft:spruce_planks":15,"minecraft:wooden_pickaxe":38,"minecraft:torch":16,"minecraft:dirt":4,"minecraft:crafting_table":5,"apocalypsenow:whisky":1,"apocalypsenow:coke":4,"minecraft:wooden_axe":8,"apocalypsenow:dagger":9,"chalk:red_chalk":4,"minecraft:wooden_sword":21,"minecraft:potion":16,"apocalypsenow:construction_helmet":1,"apocalypsenow:peach_juice":3,"apocalypsenow:porpsi":5,"chalk:blue_chalk":12,"minecraft:acacia_planks":4},"minecraft:killed_by":{"minecraft:husk":1,"minecraft:zombie":3},"minecraft:broken":{"apocalypsenow:construction_helmet":1,"minecraft:wooden_pickaxe":1},"minecraft:picked_up":{"tac:round45":8,"minecraft:crafting_table":2,"apocalypsenow:peach_juice":3,"minecraft:andesite":3,"minecraft:leather":2,"farmersdelight:bacon":4,"minecraft:oak_log":4,"refinedstorage:controller":1,"minecraft:gunpowder":3,"minecraft:heavy_weighted_pressure_plate":1,"minecraft:string":18,"minecraft:dirt":6,"minecraft:bone":26,"minecraft:smooth_stone":1,"minecraft:glass_bottle":36,"tac:9mm_round":18,"minecraft:acacia_sapling":5,"minecraft:dark_oak_door":1,"minecraft:stick":3,"apocalypsenow:u_sarmy_chestplate":1,"apocalypsenow:small_can":1,"minecraft:stone_brick_slab":1,"minecraft:torch":14,"minecraft:acacia_log":9,"cfm:oak_hedge":2,"minecraft:spruce_sapling":4,"minecraft:spruce_log":11,"minecraft:black_dye":4,"immersiveengineering:seed":1,"apocalypsenow:porpsi":5,"minecraft:rotten_flesh":22,"pfm:wall_toilet_paper":2,"minecraft:diamond":1,"minecraft:blue_dye":3,"quark:gray_shard":11,"minecraft:iron_bars":1,"apocalypsenow:construction_helmet":2,"minecraft:coal":8,"minecraft:cobblestone":35,"minecraft:sunflower":1},"minecraft:mined":{"rocks:pinecone":1,"minecraft:acacia_leaves":1,"minecraft:quartz_stairs":1,"cfm:oak_hedge":2,"minecraft:stone_brick_slab":1,"minecraft:crafting_table":2,"minecraft:torch":7,"minecraft:grass_block":6,"minecraft:gray_stained_glass":6,"biomesoplenty:sprout":1,"minecraft:wall_torch":7,"minecraft:spawner":1,"minecraft:smooth_stone":1,"minecraft:acacia_sapling":1,"minecraft:spruce_sapling":1,"minecraft:spruce_log":1,"minecraft:andesite":3,"minecraft:grass":2,"minecraft:coal_ore":8,"minecraft:oak_log":4,"rocks:birch_stick":1,"minecraft:iron_bars":1,"minecraft:sunflower":1,"minecraft:dirt":2,"minecraft:cobweb":1,"minecraft:stone":34,"minecraft:oak_leaves":1},"minecraft:custom":{"lootr:looted_stat":12,"minecraft:mob_kills":26,"minecraft:toilet_used":2,"minecraft:interact_with_crafting_table":20,"minecraft:interact_with_loom":2,"minecraft:stove_opened":7,"minecraft:damage_dealt_resisted":78,"minecraft:time_since_death":9250,"minecraft:sleep_in_bed":2,"minecraft:climb_one_cm":14100,"minecraft:time_since_rest":928,"minecraft:sprint_one_cm":86396,"minecraft:damage_taken":1266,"minecraft:walk_one_cm":356042,"minecraft:fridge_opened":1,"minecraft:drop":23,"minecraft:damage_dealt":3006,"minecraft:chair_used":1,"minecraft:freezer_opened":2,"minecraft:fly_one_cm":37330,"minecraft:player_kills":1,"minecraft:crouch_one_cm":2355,"minecraft:play_time":72345,"minecraft:deaths":5,"minecraft:sneak_time":1089,"minecraft:jump":477,"minecraft:walk_on_water_one_cm":525,"minecraft:total_world_time":72345,"minecraft:fall_one_cm":8442}},"DataVersion":2975}