{"stats":{"minecraft:killed":{"minecraft:zombie":4,"zombie_extreme:infected_police":1,"undead_revamp2:bomber":1,"zombie_extreme:runner":2},"minecraft:crafted":{"minecraft:wooden_axe":1,"minecraft:air":28},"minecraft:dropped":{"minecraft:torch":2,"minecraft:diamond":1,"car:canister":1,"tac:9mm_round":3,"firstaid:plaster":2,"minecraft:spruce_sapling":1},"minecraft:used":{"minecraft:wooden_axe":8,"minecraft:glass_bottle":4,"minecraft:stone_pickaxe":1,"minecraft:wooden_pickaxe":38,"minecraft:torch":3,"chalk:red_chalk":4,"minecraft:wooden_sword":21,"minecraft:dirt":4,"minecraft:potion":4,"apocalypsenow:construction_helmet":1,"minecraft:crafting_table":3,"chalk:blue_chalk":12},"minecraft:killed_by":{"minecraft:husk":1,"minecraft:zombie":1},"minecraft:broken":{"minecraft:wooden_pickaxe":1},"minecraft:picked_up":{"minecraft:stick":3,"tac:round45":2,"minecraft:crafting_table":2,"apocalypsenow:u_sarmy_chestplate":1,"minecraft:leather":2,"minecraft:torch":3,"minecraft:acacia_log":9,"minecraft:spruce_sapling":4,"minecraft:oak_log":4,"cfm:oak_hedge":2,"minecraft:spruce_log":11,"minecraft:dirt":6,"minecraft:string":3,"minecraft:bone":4,"minecraft:rotten_flesh":8,"minecraft:diamond":1,"minecraft:smooth_stone":1,"tac:9mm_round":7,"apocalypsenow:construction_helmet":2,"minecraft:acacia_sapling":5,"minecraft:coal":4,"minecraft:cobblestone":15},"minecraft:custom":{"minecraft:time_since_rest":356,"lootr:looted_stat":3,"minecraft:sprint_one_cm":49137,"minecraft:damage_taken":530,"minecraft:walk_one_cm":134082,"minecraft:mob_kills":6,"minecraft:drop":10,"minecraft:damage_dealt":832,"minecraft:chair_used":1,"minecraft:interact_with_crafting_table":11,"minecraft:fly_one_cm":18355,"minecraft:crouch_one_cm":1451,"minecraft:play_time":24345,"minecraft:deaths":3,"minecraft:sneak_time":535,"minecraft:damage_dealt_resisted":5,"minecraft:jump":171,"minecraft:walk_on_water_one_cm":64,"minecraft:time_since_death":0,"minecraft:total_world_time":24345,"minecraft:climb_one_cm":5262,"minecraft:fall_one_cm":3213},"minecraft:mined":{"rocks:pinecone":1,"minecraft:smooth_stone":1,"minecraft:acacia_leaves":1,"minecraft:acacia_sapling":1,"minecraft:spruce_sapling":1,"minecraft:quartz_stairs":1,"cfm:oak_hedge":2,"minecraft:spruce_log":1,"minecraft:stone_brick_slab":1,"minecraft:crafting_table":2,"minecraft:torch":3,"minecraft:grass_block":4,"minecraft:oak_log":4,"minecraft:coal_ore":4,"minecraft:dirt":2,"minecraft:cobweb":1,"minecraft:stone":16,"minecraft:spawner":1}},"DataVersion":2975}