{"stats":{"minecraft:killed":{"alexsmobs:fly":1,"undead_revamp2:thesmoker":1},"minecraft:crafted":{"minecraft:air":37},"minecraft:picked_up":{"minecraft:stick":3,"minecraft:crafting_table":1,"farmersdelight:potato_crate":1,"farmersdelight:cabbage_crate":1,"tac:m4":1,"create:framed_glass_trapdoor":2,"sophisticatedbackpacks:backpack":2,"minecraft:oak_log":1,"minecraft:blast_furnace":2,"minecraft:gunpowder":2,"farmersdelight:carrot_crate":1,"minecraft:stripped_birch_log":6,"minecraft:iron_leggings":1,"farmersdelight:tomato_crate":1,"minecraft:rotten_flesh":3,"farmersdelight:cooking_pot":1,"pfm:oak_brown_simple_bed":1,"minecraft:iron_helmet":1,"minecraft:iron_ingot":8,"alexsmobs:maggot":2,"create:framed_glass_door":1,"tac:9mm_round":1,"farmersdelight:stove":1,"minecraft:iron_bars":1,"minecraft:dark_oak_stairs":2},"minecraft:custom":{"minecraft:time_since_rest":14396,"lootr:looted_stat":7,"minecraft:sprint_one_cm":33163,"minecraft:damage_taken":75,"minecraft:walk_one_cm":59902,"minecraft:mob_kills":4,"minecraft:damage_dealt":263,"minecraft:interact_with_crafting_table":2,"minecraft:fly_one_cm":28014,"minecraft:crouch_one_cm":86,"minecraft:open_shulker_box":3,"minecraft:play_time":14396,"minecraft:sneak_time":82,"minecraft:jump":137,"minecraft:leave_game":3,"minecraft:time_since_death":14396,"minecraft:walk_on_water_one_cm":279,"minecraft:total_world_time":14396,"minecraft:climb_one_cm":1295,"minecraft:fall_one_cm":3340},"minecraft:mined":{"farmersdelight:cooking_pot":1,"farmersdelight:potato_crate":1,"minecraft:stripped_birch_log":1,"farmersdelight:tomato_crate":1,"minecraft:crafting_table":1,"farmersdelight:cabbage_crate":1,"minecraft:blast_furnace":2,"minecraft:oak_log":1,"create:framed_glass_door":1,"quark:framed_glass_pane":1,"create:framed_glass_trapdoor":2,"minecraft:iron_bars":1,"create:polished_cut_calcite_wall":3,"farmersdelight:carrot_crate":1,"farmersdelight:stove":1,"pfm:oak_brown_simple_bed":1,"sophisticatedbackpacks:backpack":2,"create:dark_oak_window_pane":1,"minecraft:oak_leaves":1},"minecraft:used":{"sophisticatedbackpacks:backpack":3,"apocalypsenow:butterfly_knife":5,"minecraft:iron_axe":5,"minecraft:iron_pickaxe":15,"minecraft:wooden_pickaxe":2,"minecraft:iron_sword":3,"minecraft:crafting_table":2,"apocalypsenow:porpsi":3}},"DataVersion":2975}