{"stats":{"minecraft:used":{"apocalypsenow:construction_leggings":1,"minecraft:dirt":2,"another_furniture:green_stool":1},"minecraft:picked_up":{"tac:round45":2,"minecraft:bone":2,"minecraft:rotten_flesh":11,"apocalypsenow:construction_leggings":1,"another_furniture:green_stool":2,"immersiveengineering:seed":1,"apocalypsenow:human_flesh":5,"tac:9mm_round":4,"minecraft:string":2,"minecraft:dirt":2},"minecraft:custom":{"minecraft:time_since_rest":6365,"minecraft:crouch_one_cm":34,"minecraft:play_time":11712,"lootr:looted_stat":2,"minecraft:sprint_one_cm":16371,"minecraft:walk_one_cm":45240,"minecraft:damage_taken":400,"minecraft:deaths":1,"minecraft:sneak_time":13,"minecraft:jump":115,"minecraft:damage_dealt":35,"minecraft:time_since_death":8975,"minecraft:sleep_in_bed":1,"minecraft:toilet_used":1,"minecraft:total_world_time":11712,"minecraft:climb_one_cm":1073,"minecraft:fall_one_cm":4027,"minecraft:fly_one_cm":8888}},"DataVersion":2975}