{"stats":{"minecraft:killed":{"hordes:zombie_player":2,"undead_revamp2:thesmoker":10,"undead_revamp2:bomber":3,"zombie_extreme:demolisher":1,"crittersandcompanions:dragonfly":1,"undead_revamp2:thepregnant":2,"undead_revamp2:crackleball":5,"zombie_extreme:runner":4,"zombiemobs:zombie_pig":1,"zombie_extreme:crawler":2,"minecraft:husk":28,"undead_revamp2:the_moonflower":7,"minecraft:sheep":2,"undead_revamp2:theordure":2,"minecraft:zombie":179,"zombie_extreme:infected_police":4,"alexsmobs:fly":1},"minecraft:used":{"farmersdelight:kelp_roll_slice":6,"apocalypsenow:hand_axe":2,"minecraft:stone_sword":108,"minecraft:spruce_planks":135,"minecraft:shield":68,"minecraft:iron_sword":504,"farmersdelight:melon_juice":1,"minecraft:torch":77,"minecraft:dirt":13,"farmersdelight:carrot_crate":1,"another_furniture:green_stool":1,"minecraft:shulker_box":2,"minecraft:iron_axe":12,"minecraft:stone_bricks":1,"minecraft:egg":1,"farmersdelight:hamburger":7,"minecraft:iron_leggings":1,"minecraft:water_bucket":8,"minecraft:glass_bottle":1,"minecraft:stone_pickaxe":130,"minecraft:wooden_pickaxe":47,"minecraft:golden_apple":1,"minecraft:crafting_table":13,"minecraft:spruce_log":49,"sophisticatedbackpacks:backpack":3,"farmersdelight:apple_cider":3,"minecraft:iron_pickaxe":33,"minecraft:bread":2,"apocalypsenow:construction_leggings":1,"pfm:dark_oak_green_simple_bed":3,"minecraft:stone_axe":31,"apocalypsenow:dagger":6,"minecraft:wooden_sword":15,"minecraft:potion":23,"minecraft:bucket":9,"quark:stone_brick_vertical_slab":4},"minecraft:dropped":{"apocalypsenow:human_flesh":3,"minecraft:bread":1,"minecraft:iron_sword":2,"apocalypsenow:canned_carrot":4,"minecraft:glass_bottle":4,"tac:round45":27,"minecraft:cobblestone":4,"tac:m1911":1,"minecraft:iron_horse_armor":1,"immersiveengineering:nugget_steel":10,"xpbook:xp_tome":1,"tac:b_magnum":4,"apocalypsenow:canned_tomatos":5,"farmersdelight:rice":16,"minecraft:stick":38,"farmersdelight:fried_rice":1,"minecraft:dirt":10,"artifacts:snorkel":2,"minecraft:torch":1,"chalk:light_gray_chalk":1,"minecraft:potion":1,"minecraft:iron_leggings":1,"minecraft:dark_oak_planks":3,"minecraft:string":4,"ftbquests:book":1,"minecraft:bucket":1,"artifacts:digging_claws":1,"minecraft:bone":2,"apocalypsenow:canned_fish":4,"minecraft:stone_axe":1,"artifacts:power_glove":2,"apocalypsenow:hand_axe":1,"artifacts:kitty_slippers":2,"minecraft:stone_sword":1,"minecraft:bowl":1,"minecraft:rotten_flesh":47,"artifacts:villager_hat":1,"minecraft:glowstone_dust":6,"immersiveengineering:raw_aluminum":3,"apocalypsenow:canned_pork":2,"minecraft:shulker_shell":9,"minecraft:shield":1,"minecraft:gunpowder":3,"minecraft:spruce_planks":17,"minecraft:beetroot_seeds":8,"apocalypsenow:dagger":1,"artifacts:cross_necklace":3,"minecraft:spruce_log":244,"minecraft:stone_pickaxe":1,"minecraft:wooden_pickaxe":1,"apocalypsenow:can_opener":1,"tac:9mm_round":38,"immersiveengineering:seed":1,"artifacts:fire_gauntlet":2},"minecraft:broken":{"minecraft:stone_axe":1,"minecraft:iron_sword":1},"minecraft:mined":{"quark:dark_oak_bookshelf":6,"pfm:dark_oak_green_simple_bed":5,"rocks:pinecone":1,"minecraft:spruce_planks":15,"embellishcraft:air_duct":1,"embellishcraft:white_steel_door":1,"minecraft:shulker_box":3,"minecraft:gray_stained_glass_pane":2,"minecraft:grass_block":9,"quark:stone_brick_vertical_slab":4,"embellishcraft:smooth_basalt_slab":2,"minecraft:spruce_leaves":7,"minecraft:spawner":50,"create:cut_calcite":2,"minecraft:large_fern":1,"minecraft:smooth_stone":1,"minecraft:black_stained_glass_pane":3,"quark:birch_bookshelf":1,"create:framed_glass_pane":1,"minecraft:spruce_sapling":4,"create:vertical_framed_glass":2,"minecraft:iron_ore":1,"minecraft:iron_bars":2,"minecraft:stone":44,"sophisticatedbackpacks:backpack":1,"create:dark_oak_window_pane":9,"immersiveengineering:ore_aluminum":3,"minecraft:podzol":3,"minecraft:brown_mushroom":1,"minecraft:quartz_block":4,"minecraft:cyan_terracotta":1,"embellishcraft:smooth_slate":3,"minecraft:crafting_table":2,"minecraft:torch":3,"minecraft:gray_stained_glass":4,"embellishcraft:gneiss_large_bricks_wall":1,"farmersdelight:carrot_crate":1,"biomesoplenty:sprout":6,"minecraft:bricks":1,"minecraft:iron_door":10,"minecraft:wall_torch":3,"minecraft:black_stained_glass":2,"minecraft:birch_planks":1,"minecraft:creeper_head":1,"minecraft:lilac":1,"minecraft:sweet_berry_bush":1,"minecraft:spruce_log":28,"minecraft:smooth_stone_slab":7,"minecraft:grass":1,"embellishcraft:smooth_marble":3,"create:vertical_framed_glass_pane":2,"minecraft:coal_ore":20,"create:framed_glass_trapdoor":1,"minecraft:smooth_quartz":3,"minecraft:dirt":16,"minecraft:cobweb":35,"minecraft:wither_skeleton_skull":1,"minecraft:polished_andesite":1,"minecraft:stone_bricks":7,"quark:polished_calcite_vertical_slab":1,"minecraft:oak_leaves":23,"minecraft:iron_trapdoor":1,"minecraft:dark_oak_planks":5},"minecraft:killed_by":{"minecraft:player":2,"undead_revamp2:the_moonflower":2,"mutationcraft:human_herder":1,"minecraft:zombie":1,"undead_revamp2:thesmoker":1,"undead_revamp2:thepregnant":1},"minecraft:custom":{"lootr:looted_stat":69,"minecraft:mob_kills":310,"minecraft:interact_with_crafting_table":25,"minecraft:open_barrel":7,"minecraft:microwave_used":1,"minecraft:open_shulker_box":4,"minecraft:damage_dealt_resisted":105,"minecraft:leave_game":2,"minecraft:time_since_death":1640,"minecraft:climb_one_cm":57233,"minecraft:sprint_one_cm":258381,"minecraft:walk_one_cm":1678053,"minecraft:damage_blocked_by_shield":1980,"minecraft:fridge_opened":9,"minecraft:drop":107,"minecraft:chair_used":1,"minecraft:damage_dealt_absorbed":150,"minecraft:talked_to_villager":1,"minecraft:play_time":279276,"minecraft:deaths":12,"minecraft:sneak_time":4805,"minecraft:walk_under_water_one_cm":2371,"minecraft:interact_with_brewingstand":5,"minecraft:jump":2590,"minecraft:drawer_searched":2,"minecraft:interact_with_blast_furnace":2,"minecraft:total_world_time":279276,"minecraft:walk_on_water_one_cm":6109,"minecraft:interact_with_furnace":6,"minecraft:toilet_used":3,"minecraft:stove_opened":5,"minecraft:trashcan_opened":1,"minecraft:sleep_in_bed":9,"minecraft:cabinet_searched":1,"minecraft:time_since_rest":1724,"minecraft:open_enderchest":2,"minecraft:damage_taken":4653,"minecraft:damage_dealt":28819,"minecraft:swim_one_cm":3496,"minecraft:freezer_opened":10,"minecraft:fly_one_cm":211270,"minecraft:player_kills":1,"minecraft:crouch_one_cm":13463,"minecraft:fall_one_cm":38769},"minecraft:crafted":{"minecraft:wooden_sword":1,"minecraft:iron_axe":1,"minecraft:chest":1,"minecraft:crafting_table":3,"minecraft:spruce_planks":140,"minecraft:wooden_pickaxe":2,"minecraft:iron_sword":2,"minecraft:bucket":1,"minecraft:air":189,"minecraft:shield":1,"minecraft:stick":20,"minecraft:stone_sword":2,"minecraft:torch":6},"minecraft:picked_up":{"apocalypsenow:hand_axe":2,"minecraft:crafting_table":2,"minecraft:creeper_head":1,"minecraft:brown_mushroom":1,"artifacts:umbrella":1,"apocalypsenow:blue_football_armor_helmet":1,"apocalypsenow:can_opener":1,"create:bar_of_chocolate":6,"minecraft:shield":3,"immersiveengineering:nugget_steel":5,"minecraft:string":191,"artifacts:power_glove":3,"minecraft:iron_leggings":2,"create:sweet_roll":4,"artifacts:fire_gauntlet":3,"embellishcraft:smooth_basalt":1,"minecraft:bucket":1,"minecraft:spruce_planks":30,"minecraft:stick":73,"minecraft:raw_iron":1,"refinedstorage:16k_storage_part":2,"apocalypsenow:canned_pork":2,"embellishcraft:smooth_marble":3,"tac:m4":3,"minecraft:torch":77,"minecraft:bowl":2,"sophisticatedbackpacks:backpack":2,"chalk:light_gray_chalk":1,"apocalypsenow:glassbottle":3,"minecraft:carrot":1,"tac:b_magnum":4,"minecraft:dark_oak_planks":3,"artifacts:snorkel":3,"minecraft:stone_sword":1,"embellishcraft:steel_door":1,"minecraft:rotten_flesh":198,"minecraft:beetroot_seeds":4,"artifacts:villager_hat":2,"createaddition:barbed_wire":1,"farmersdelight:hamburger":1,"apocalypsenow:red_football_armor_boots":1,"artifacts:cross_necklace":4,"minecraft:gold_ingot":64,"firstaid:bandage":13,"farmersdelight:melon_juice":2,"minecraft:mutton":2,"minecraft:white_wool":2,"minecraft:cobblestone":41,"tac:round45":48,"minecraft:iron_door":4,"artifacts:digging_claws":2,"minecraft:oak_log":1,"minecraft:gunpowder":3,"minecraft:wither_skeleton_skull":1,"farmersdelight:carrot_crate":1,"apocalypsenow:canned_tomatos":5,"minecraft:dirt":40,"embellishcraft:gneiss_large_bricks_wall":1,"minecraft:bone":214,"another_furniture:green_stool":2,"apocalypsenow:construction_leggings":1,"minecraft:stone_bricks":1,"apocalypsenow:human_flesh":10,"farmersdelight:apple_cider":4,"apocalypsenow:beer":3,"apocalypsenow:money":1,"tac:nato_556_bullet":12,"minecraft:iron_ingot":28,"minecraft:stone_pickaxe":1,"artifacts:kitty_slippers":3,"minecraft:glass_bottle":3,"apocalypsenow:cloth":40,"minecraft:glowstone_dust":6,"tac:9mm_round":201,"minecraft:iron_sword":2,"apocalypsenow:red_football_armor_helmet":1,"minecraft:book":21,"firstaid:plaster":28,"apocalypsenow:canned_carrot":6,"minecraft:sweet_berries":16,"apocalypsenow:canned_fish":4,"immersiveengineering:raw_aluminum":6,"minecraft:spruce_sapling":37,"quark:stone_brick_vertical_slab":4,"minecraft:spruce_log":649,"apocalypsenow:dagger":1,"minecraft:shulker_box":3,"apocalypsenow:coke":4,"immersiveengineering:seed":2,"minecraft:diamond":15,"xpbook:xp_tome":1,"minecraft:stone_axe":2,"minecraft:bread":1,"minecraft:oak_sapling":3,"pfm:dark_oak_green_simple_bed":4,"minecraft:coal":27,"minecraft:shulker_shell":9}},"DataVersion":2975}