{"stats":{"minecraft:killed":{"undead_revamp2:thesmoker":6,"zombie_extreme:demolisher":1,"zombie_extreme:runner":2,"zombie_extreme:crawler":2,"minecraft:husk":6,"undead_revamp2:the_moonflower":4,"minecraft:sheep":2,"minecraft:zombie":69,"alexsmobs:fly":1},"minecraft:crafted":{"minecraft:wooden_sword":1,"minecraft:crafting_table":2,"minecraft:spruce_planks":116,"minecraft:wooden_pickaxe":2,"minecraft:iron_sword":1,"minecraft:bucket":1,"minecraft:air":58,"minecraft:shield":1,"minecraft:stick":16,"minecraft:stone_sword":2,"minecraft:torch":6},"minecraft:dropped":{"apocalypsenow:human_flesh":3,"minecraft:iron_sword":1,"minecraft:glass_bottle":2,"tac:round45":27,"minecraft:cobblestone":4,"tac:b_magnum":4,"farmersdelight:rice":16,"minecraft:stick":30,"farmersdelight:fried_rice":1,"minecraft:dirt":10,"artifacts:snorkel":1,"minecraft:torch":1,"ftbquests:book":1,"minecraft:bone":2,"artifacts:power_glove":1,"artifacts:kitty_slippers":1,"minecraft:stone_sword":1,"minecraft:rotten_flesh":40,"minecraft:glowstone_dust":2,"immersiveengineering:raw_aluminum":3,"minecraft:shield":1,"minecraft:spruce_planks":17,"apocalypsenow:dagger":1,"artifacts:cross_necklace":2,"minecraft:spruce_log":240,"minecraft:wooden_pickaxe":1,"immersiveengineering:seed":1,"artifacts:fire_gauntlet":1},"minecraft:used":{"farmersdelight:kelp_roll_slice":6,"apocalypsenow:hand_axe":2,"minecraft:stone_sword":108,"minecraft:spruce_planks":75,"minecraft:shield":49,"minecraft:iron_sword":155,"minecraft:torch":32,"minecraft:dirt":13,"farmersdelight:carrot_crate":1,"another_furniture:green_stool":1,"minecraft:iron_leggings":1,"farmersdelight:hamburger":4,"minecraft:water_bucket":1,"minecraft:stone_pickaxe":75,"minecraft:wooden_pickaxe":47,"minecraft:crafting_table":8,"minecraft:spruce_log":10,"farmersdelight:apple_cider":3,"minecraft:stone_axe":31,"apocalypsenow:construction_leggings":1,"apocalypsenow:dagger":6,"minecraft:wooden_sword":15,"minecraft:potion":16,"minecraft:bucket":2},"minecraft:killed_by":{"minecraft:player":2,"undead_revamp2:the_moonflower":2,"mutationcraft:human_herder":1,"minecraft:zombie":1,"undead_revamp2:thesmoker":1,"undead_revamp2:thepregnant":1},"minecraft:broken":{"minecraft:stone_axe":1},"minecraft:picked_up":{"apocalypsenow:hand_axe":1,"minecraft:crafting_table":1,"minecraft:brown_mushroom":1,"artifacts:umbrella":1,"apocalypsenow:blue_football_armor_helmet":1,"minecraft:shield":2,"create:bar_of_chocolate":6,"minecraft:string":105,"artifacts:power_glove":2,"minecraft:iron_leggings":1,"create:sweet_roll":4,"artifacts:fire_gauntlet":2,"embellishcraft:smooth_basalt":1,"minecraft:spruce_planks":27,"minecraft:stick":62,"minecraft:raw_iron":1,"refinedstorage:16k_storage_part":2,"tac:m4":3,"minecraft:torch":74,"minecraft:bowl":2,"apocalypsenow:glassbottle":3,"tac:b_magnum":4,"artifacts:snorkel":2,"minecraft:stone_sword":1,"embellishcraft:steel_door":1,"minecraft:rotten_flesh":135,"artifacts:villager_hat":1,"createaddition:barbed_wire":1,"farmersdelight:hamburger":1,"artifacts:cross_necklace":3,"minecraft:gold_ingot":64,"firstaid:bandage":13,"farmersdelight:melon_juice":2,"minecraft:mutton":2,"minecraft:cobblestone":41,"minecraft:white_wool":2,"tac:round45":30,"minecraft:iron_door":1,"artifacts:digging_claws":1,"minecraft:oak_log":1,"farmersdelight:carrot_crate":1,"minecraft:dirt":40,"embellishcraft:gneiss_large_bricks_wall":1,"minecraft:bone":100,"another_furniture:green_stool":2,"apocalypsenow:construction_leggings":1,"apocalypsenow:human_flesh":10,"farmersdelight:apple_cider":4,"apocalypsenow:beer":3,"apocalypsenow:money":1,"minecraft:iron_ingot":28,"minecraft:stone_pickaxe":1,"artifacts:kitty_slippers":2,"apocalypsenow:cloth":40,"tac:9mm_round":38,"minecraft:glass_bottle":2,"minecraft:glowstone_dust":4,"minecraft:iron_sword":1,"minecraft:book":21,"firstaid:plaster":28,"apocalypsenow:canned_carrot":2,"minecraft:sweet_berries":16,"immersiveengineering:raw_aluminum":6,"minecraft:spruce_sapling":25,"minecraft:spruce_log":599,"apocalypsenow:dagger":1,"apocalypsenow:coke":4,"immersiveengineering:seed":2,"minecraft:diamond":14,"minecraft:stone_axe":1,"minecraft:oak_sapling":3,"minecraft:coal":27},"minecraft:custom":{"lootr:looted_stat":32,"minecraft:mob_kills":104,"minecraft:interact_with_crafting_table":19,"minecraft:open_barrel":4,"minecraft:microwave_used":1,"minecraft:damage_dealt_resisted":25,"minecraft:time_since_death":30005,"minecraft:climb_one_cm":18571,"minecraft:sprint_one_cm":181759,"minecraft:walk_one_cm":982597,"minecraft:damage_blocked_by_shield":1823,"minecraft:drop":47,"minecraft:play_time":167712,"minecraft:deaths":10,"minecraft:sneak_time":2251,"minecraft:walk_under_water_one_cm":2371,"minecraft:jump":1649,"minecraft:interact_with_brewingstand":3,"minecraft:drawer_searched":2,"minecraft:walk_on_water_one_cm":4813,"minecraft:total_world_time":167712,"minecraft:interact_with_furnace":4,"minecraft:toilet_used":3,"minecraft:stove_opened":1,"minecraft:trashcan_opened":1,"minecraft:sleep_in_bed":3,"minecraft:cabinet_searched":1,"minecraft:time_since_rest":23527,"minecraft:damage_taken":3524,"minecraft:damage_dealt":10242,"minecraft:swim_one_cm":3496,"minecraft:freezer_opened":6,"minecraft:fly_one_cm":125919,"minecraft:player_kills":1,"minecraft:crouch_one_cm":7186,"minecraft:fall_one_cm":23847},"minecraft:mined":{"quark:dark_oak_bookshelf":6,"rocks:pinecone":1,"minecraft:spruce_planks":12,"minecraft:grass_block":9,"embellishcraft:smooth_basalt_slab":2,"minecraft:spruce_leaves":7,"minecraft:spawner":21,"minecraft:large_fern":1,"minecraft:smooth_stone":1,"minecraft:black_stained_glass_pane":3,"quark:birch_bookshelf":1,"minecraft:spruce_sapling":2,"minecraft:iron_ore":1,"minecraft:stone":44,"immersiveengineering:ore_aluminum":3,"minecraft:podzol":3,"minecraft:brown_mushroom":1,"minecraft:quartz_block":1,"minecraft:crafting_table":1,"minecraft:torch":3,"farmersdelight:carrot_crate":1,"embellishcraft:gneiss_large_bricks_wall":1,"minecraft:iron_door":4,"minecraft:wall_torch":3,"minecraft:black_stained_glass":2,"minecraft:birch_planks":1,"minecraft:sweet_berry_bush":1,"minecraft:spruce_log":27,"minecraft:smooth_stone_slab":7,"minecraft:grass":1,"minecraft:coal_ore":20,"minecraft:dirt":16,"minecraft:cobweb":34,"minecraft:oak_leaves":23}},"DataVersion":2975}