{"stats":{"minecraft:killed":{"zombie_extreme:crawler":1,"minecraft:husk":4,"undead_revamp2:the_moonflower":2,"undead_revamp2:thesmoker":2,"minecraft:sheep":2,"minecraft:zombie":7,"zombie_extreme:runner":2},"minecraft:dropped":{"minecraft:rotten_flesh":3,"farmersdelight:rice":16},"minecraft:crafted":{"minecraft:wooden_sword":1,"minecraft:spruce_planks":56,"minecraft:wooden_pickaxe":2,"minecraft:air":56,"minecraft:stick":12,"minecraft:stone_sword":2,"minecraft:torch":6},"minecraft:used":{"farmersdelight:kelp_roll_slice":6,"minecraft:stone_sword":23,"minecraft:stone_pickaxe":30,"minecraft:spruce_planks":48,"minecraft:wooden_pickaxe":47,"minecraft:torch":6,"minecraft:dirt":13,"minecraft:crafting_table":4,"farmersdelight:carrot_crate":1,"another_furniture:green_stool":1,"minecraft:spruce_log":7,"farmersdelight:apple_cider":3,"apocalypsenow:construction_leggings":1,"minecraft:stone_axe":27,"apocalypsenow:dagger":6,"minecraft:wooden_sword":15,"minecraft:iron_leggings":1},"minecraft:killed_by":{"undead_revamp2:the_moonflower":2,"minecraft:zombie":1,"undead_revamp2:thesmoker":1,"undead_revamp2:thepregnant":1},"minecraft:broken":{"minecraft:stone_axe":1},"minecraft:picked_up":{"tac:round45":3,"minecraft:brown_mushroom":1,"apocalypsenow:blue_football_armor_helmet":1,"minecraft:oak_log":1,"farmersdelight:carrot_crate":1,"minecraft:string":19,"minecraft:dirt":29,"embellishcraft:gneiss_large_bricks_wall":1,"minecraft:bone":18,"apocalypsenow:construction_leggings":1,"another_furniture:green_stool":2,"apocalypsenow:human_flesh":6,"minecraft:spruce_planks":10,"minecraft:iron_ingot":1,"tac:9mm_round":6,"minecraft:book":21,"minecraft:stick":34,"minecraft:raw_iron":1,"refinedstorage:16k_storage_part":2,"minecraft:sweet_berries":16,"minecraft:torch":2,"minecraft:bowl":1,"minecraft:spruce_sapling":24,"apocalypsenow:glassbottle":3,"minecraft:spruce_log":295,"minecraft:rotten_flesh":32,"embellishcraft:steel_door":1,"immersiveengineering:seed":2,"createaddition:barbed_wire":1,"minecraft:oak_sapling":3,"minecraft:mutton":2,"minecraft:coal":13,"minecraft:white_wool":2,"minecraft:cobblestone":40},"minecraft:custom":{"lootr:looted_stat":9,"minecraft:mob_kills":19,"minecraft:toilet_used":2,"minecraft:interact_with_crafting_table":11,"minecraft:stove_opened":1,"minecraft:time_since_death":5531,"minecraft:sleep_in_bed":1,"minecraft:climb_one_cm":6762,"minecraft:time_since_rest":5599,"minecraft:sprint_one_cm":131553,"minecraft:damage_taken":1362,"minecraft:walk_one_cm":385055,"minecraft:drop":2,"minecraft:damage_dealt":1968,"minecraft:swim_one_cm":3496,"minecraft:fly_one_cm":90234,"minecraft:freezer_opened":3,"minecraft:player_kills":1,"minecraft:crouch_one_cm":3633,"minecraft:play_time":71712,"minecraft:deaths":6,"minecraft:sneak_time":1370,"minecraft:walk_under_water_one_cm":829,"minecraft:jump":896,"minecraft:walk_on_water_one_cm":2668,"minecraft:total_world_time":71712,"minecraft:fall_one_cm":16103},"minecraft:mined":{"minecraft:podzol":3,"quark:dark_oak_bookshelf":6,"rocks:pinecone":1,"minecraft:spruce_planks":10,"minecraft:brown_mushroom":1,"minecraft:grass_block":8,"farmersdelight:carrot_crate":1,"embellishcraft:gneiss_large_bricks_wall":1,"minecraft:spruce_leaves":7,"minecraft:wall_torch":2,"minecraft:spawner":4,"minecraft:large_fern":1,"quark:birch_bookshelf":1,"minecraft:spruce_sapling":2,"minecraft:iron_ore":1,"minecraft:sweet_berry_bush":1,"minecraft:spruce_log":27,"minecraft:grass":1,"minecraft:coal_ore":13,"minecraft:dirt":16,"minecraft:cobweb":2,"minecraft:stone":42,"minecraft:oak_leaves":21}},"DataVersion":2975}