{"stats":{"minecraft:killed":{"zombie_extreme:crawler":1,"minecraft:husk":3,"minecraft:zombie":3,"undead_revamp2:thesmoker":2},"minecraft:crafted":{"minecraft:wooden_sword":1,"minecraft:spruce_planks":4,"minecraft:wooden_pickaxe":1,"minecraft:air":37},"minecraft:used":{"minecraft:stone_pickaxe":18,"minecraft:spruce_planks":4,"minecraft:wooden_pickaxe":15,"minecraft:wooden_sword":15,"minecraft:stone_axe":10,"apocalypsenow:construction_leggings":1,"minecraft:dirt":6,"minecraft:crafting_table":2,"another_furniture:green_stool":1,"minecraft:spruce_log":7},"minecraft:killed_by":{"undead_revamp2:thepregnant":1,"undead_revamp2:the_moonflower":1,"minecraft:zombie":1},"minecraft:broken":{"minecraft:stone_axe":1},"minecraft:picked_up":{"minecraft:book":18,"tac:round45":3,"minecraft:stick":17,"refinedstorage:16k_storage_part":2,"minecraft:brown_mushroom":1,"apocalypsenow:blue_football_armor_helmet":1,"apocalypsenow:glassbottle":3,"minecraft:spruce_sapling":17,"minecraft:spruce_log":197,"minecraft:dirt":13,"minecraft:string":17,"embellishcraft:gneiss_large_bricks_wall":1,"embellishcraft:steel_door":1,"another_furniture:green_stool":2,"minecraft:bone":12,"apocalypsenow:construction_leggings":1,"minecraft:rotten_flesh":27,"immersiveengineering:seed":1,"createaddition:barbed_wire":1,"apocalypsenow:human_flesh":6,"minecraft:spruce_planks":1,"minecraft:iron_ingot":1,"tac:9mm_round":6,"minecraft:coal":13,"minecraft:cobblestone":13},"minecraft:custom":{"minecraft:time_since_rest":8452,"lootr:looted_stat":3,"minecraft:sprint_one_cm":49418,"minecraft:damage_taken":895,"minecraft:walk_one_cm":187005,"minecraft:mob_kills":8,"minecraft:damage_dealt":982,"minecraft:toilet_used":2,"minecraft:freezer_opened":1,"minecraft:interact_with_crafting_table":5,"minecraft:fly_one_cm":32198,"minecraft:player_kills":1,"minecraft:stove_opened":1,"minecraft:crouch_one_cm":413,"minecraft:play_time":35712,"minecraft:deaths":4,"minecraft:sneak_time":124,"minecraft:walk_under_water_one_cm":460,"minecraft:jump":403,"minecraft:time_since_death":8409,"minecraft:walk_on_water_one_cm":1205,"minecraft:sleep_in_bed":1,"minecraft:climb_one_cm":2917,"minecraft:total_world_time":35712,"minecraft:fall_one_cm":8667},"minecraft:mined":{"quark:dark_oak_bookshelf":6,"minecraft:spruce_planks":1,"minecraft:brown_mushroom":1,"minecraft:spruce_sapling":1,"minecraft:spruce_log":24,"minecraft:grass_block":4,"minecraft:coal_ore":13,"minecraft:dirt":7,"embellishcraft:gneiss_large_bricks_wall":1,"minecraft:spruce_leaves":7,"minecraft:stone":13,"minecraft:spawner":1}},"DataVersion":2975}