{"stats":{"minecraft:killed":{"hordes:zombie_player":1,"undead_revamp2:thesmoker":6,"zombie_extreme:demolisher":1,"crittersandcompanions:dragonfly":1,"undead_revamp2:thepregnant":1,"zombie_extreme:runner":2,"zombie_extreme:crawler":2,"minecraft:husk":11,"undead_revamp2:the_moonflower":4,"minecraft:sheep":2,"minecraft:zombie":92,"alexsmobs:fly":1},"minecraft:used":{"farmersdelight:kelp_roll_slice":6,"apocalypsenow:hand_axe":2,"minecraft:stone_sword":108,"minecraft:spruce_planks":96,"minecraft:shield":58,"minecraft:iron_sword":234,"farmersdelight:melon_juice":1,"minecraft:torch":40,"minecraft:dirt":13,"farmersdelight:carrot_crate":1,"another_furniture:green_stool":1,"minecraft:egg":1,"farmersdelight:hamburger":7,"minecraft:iron_leggings":1,"minecraft:water_bucket":5,"minecraft:stone_pickaxe":100,"minecraft:wooden_pickaxe":47,"minecraft:crafting_table":9,"minecraft:spruce_log":49,"sophisticatedbackpacks:backpack":3,"farmersdelight:apple_cider":3,"pfm:dark_oak_green_simple_bed":1,"apocalypsenow:construction_leggings":1,"minecraft:stone_axe":31,"apocalypsenow:dagger":6,"minecraft:wooden_sword":15,"minecraft:potion":20,"minecraft:bucket":6},"minecraft:dropped":{"apocalypsenow:human_flesh":3,"minecraft:bread":1,"minecraft:iron_sword":2,"minecraft:glass_bottle":2,"tac:round45":27,"minecraft:cobblestone":4,"tac:m1911":1,"minecraft:iron_horse_armor":1,"immersiveengineering:nugget_steel":10,"xpbook:xp_tome":1,"tac:b_magnum":4,"farmersdelight:rice":16,"minecraft:stick":34,"farmersdelight:fried_rice":1,"minecraft:dirt":10,"artifacts:snorkel":2,"minecraft:torch":1,"chalk:light_gray_chalk":1,"minecraft:iron_leggings":1,"minecraft:dark_oak_planks":3,"minecraft:string":4,"ftbquests:book":1,"minecraft:bucket":1,"artifacts:digging_claws":1,"minecraft:bone":2,"apocalypsenow:canned_fish":4,"minecraft:stone_axe":1,"artifacts:power_glove":2,"apocalypsenow:hand_axe":1,"artifacts:kitty_slippers":2,"minecraft:stone_sword":1,"minecraft:bowl":1,"minecraft:rotten_flesh":47,"artifacts:villager_hat":1,"minecraft:glowstone_dust":6,"immersiveengineering:raw_aluminum":3,"minecraft:shield":1,"minecraft:gunpowder":3,"minecraft:spruce_planks":17,"minecraft:beetroot_seeds":8,"apocalypsenow:dagger":1,"artifacts:cross_necklace":3,"minecraft:spruce_log":244,"minecraft:wooden_pickaxe":1,"apocalypsenow:can_opener":1,"tac:9mm_round":38,"immersiveengineering:seed":1,"artifacts:fire_gauntlet":2},"minecraft:broken":{"minecraft:stone_axe":1},"minecraft:mined":{"quark:dark_oak_bookshelf":6,"pfm:dark_oak_green_simple_bed":2,"rocks:pinecone":1,"minecraft:spruce_planks":15,"embellishcraft:air_duct":1,"minecraft:grass_block":9,"embellishcraft:smooth_basalt_slab":2,"minecraft:spruce_leaves":7,"minecraft:spawner":29,"minecraft:large_fern":1,"minecraft:smooth_stone":1,"minecraft:black_stained_glass_pane":3,"quark:birch_bookshelf":1,"minecraft:spruce_sapling":2,"create:vertical_framed_glass":2,"minecraft:iron_ore":1,"sophisticatedbackpacks:backpack":1,"minecraft:stone":44,"create:dark_oak_window_pane":2,"immersiveengineering:ore_aluminum":3,"minecraft:podzol":3,"minecraft:brown_mushroom":1,"minecraft:quartz_block":1,"embellishcraft:smooth_slate":3,"minecraft:crafting_table":1,"minecraft:torch":3,"minecraft:gray_stained_glass":4,"farmersdelight:carrot_crate":1,"embellishcraft:gneiss_large_bricks_wall":1,"biomesoplenty:sprout":3,"minecraft:iron_door":5,"minecraft:wall_torch":3,"minecraft:black_stained_glass":2,"minecraft:birch_planks":1,"minecraft:sweet_berry_bush":1,"minecraft:spruce_log":28,"minecraft:smooth_stone_slab":7,"embellishcraft:smooth_marble":3,"minecraft:grass":1,"minecraft:coal_ore":20,"minecraft:dirt":16,"minecraft:smooth_quartz":3,"minecraft:cobweb":34,"minecraft:stone_bricks":5,"minecraft:oak_leaves":23,"minecraft:dark_oak_planks":3},"minecraft:killed_by":{"minecraft:player":2,"undead_revamp2:the_moonflower":2,"mutationcraft:human_herder":1,"minecraft:zombie":1,"undead_revamp2:thesmoker":1,"undead_revamp2:thepregnant":1},"minecraft:custom":{"lootr:looted_stat":46,"minecraft:mob_kills":143,"minecraft:interact_with_crafting_table":19,"minecraft:open_barrel":4,"minecraft:microwave_used":1,"minecraft:damage_dealt_resisted":25,"minecraft:leave_game":1,"minecraft:time_since_death":42874,"minecraft:climb_one_cm":40127,"minecraft:sprint_one_cm":221846,"minecraft:walk_one_cm":1278538,"minecraft:damage_blocked_by_shield":1897,"minecraft:fridge_opened":6,"minecraft:drop":91,"minecraft:damage_dealt_absorbed":150,"minecraft:play_time":220111,"minecraft:deaths":11,"minecraft:sneak_time":2718,"minecraft:walk_under_water_one_cm":2371,"minecraft:interact_with_brewingstand":3,"minecraft:jump":2062,"minecraft:interact_with_blast_furnace":2,"minecraft:drawer_searched":2,"minecraft:walk_on_water_one_cm":4894,"minecraft:total_world_time":220111,"minecraft:interact_with_furnace":4,"minecraft:toilet_used":3,"minecraft:stove_opened":3,"minecraft:trashcan_opened":1,"minecraft:sleep_in_bed":7,"minecraft:cabinet_searched":1,"minecraft:time_since_rest":16407,"minecraft:damage_taken":4082,"minecraft:damage_dealt":13888,"minecraft:swim_one_cm":3496,"minecraft:fly_one_cm":165199,"minecraft:freezer_opened":9,"minecraft:player_kills":1,"minecraft:crouch_one_cm":7950,"minecraft:fall_one_cm":32054},"minecraft:crafted":{"minecraft:wooden_sword":1,"minecraft:crafting_table":2,"minecraft:spruce_planks":120,"minecraft:wooden_pickaxe":2,"minecraft:iron_sword":1,"minecraft:bucket":1,"minecraft:air":123,"minecraft:shield":1,"minecraft:stick":16,"minecraft:stone_sword":2,"minecraft:torch":6},"minecraft:picked_up":{"apocalypsenow:hand_axe":2,"minecraft:crafting_table":1,"minecraft:brown_mushroom":1,"artifacts:umbrella":1,"apocalypsenow:blue_football_armor_helmet":1,"apocalypsenow:can_opener":1,"create:bar_of_chocolate":6,"minecraft:shield":3,"immersiveengineering:nugget_steel":5,"minecraft:string":138,"artifacts:power_glove":3,"minecraft:iron_leggings":2,"create:sweet_roll":4,"artifacts:fire_gauntlet":3,"embellishcraft:smooth_basalt":1,"minecraft:bucket":1,"minecraft:spruce_planks":30,"minecraft:stick":66,"minecraft:raw_iron":1,"refinedstorage:16k_storage_part":2,"embellishcraft:smooth_marble":3,"tac:m4":3,"minecraft:torch":74,"minecraft:bowl":2,"sophisticatedbackpacks:backpack":2,"chalk:light_gray_chalk":1,"apocalypsenow:glassbottle":3,"minecraft:carrot":1,"tac:b_magnum":4,"minecraft:dark_oak_planks":3,"artifacts:snorkel":3,"minecraft:stone_sword":1,"embellishcraft:steel_door":1,"minecraft:rotten_flesh":168,"minecraft:beetroot_seeds":4,"artifacts:villager_hat":2,"createaddition:barbed_wire":1,"farmersdelight:hamburger":1,"artifacts:cross_necklace":4,"minecraft:gold_ingot":64,"firstaid:bandage":13,"farmersdelight:melon_juice":2,"minecraft:mutton":2,"minecraft:white_wool":2,"minecraft:cobblestone":41,"tac:round45":31,"minecraft:iron_door":1,"artifacts:digging_claws":2,"minecraft:oak_log":1,"minecraft:gunpowder":3,"farmersdelight:carrot_crate":1,"minecraft:dirt":40,"embellishcraft:gneiss_large_bricks_wall":1,"minecraft:bone":128,"another_furniture:green_stool":2,"apocalypsenow:construction_leggings":1,"apocalypsenow:human_flesh":10,"apocalypsenow:beer":3,"farmersdelight:apple_cider":4,"apocalypsenow:money":1,"minecraft:iron_ingot":28,"minecraft:stone_pickaxe":1,"artifacts:kitty_slippers":3,"apocalypsenow:cloth":40,"minecraft:glowstone_dust":6,"minecraft:glass_bottle":3,"tac:9mm_round":179,"minecraft:iron_sword":2,"minecraft:book":21,"firstaid:plaster":28,"apocalypsenow:canned_carrot":2,"minecraft:sweet_berries":16,"apocalypsenow:canned_fish":4,"immersiveengineering:raw_aluminum":6,"minecraft:spruce_sapling":25,"minecraft:spruce_log":600,"apocalypsenow:dagger":1,"apocalypsenow:coke":4,"immersiveengineering:seed":2,"minecraft:diamond":14,"xpbook:xp_tome":1,"minecraft:stone_axe":2,"minecraft:bread":1,"minecraft:oak_sapling":3,"pfm:dark_oak_green_simple_bed":1,"minecraft:coal":27}},"DataVersion":2975}