{"stats":{"minecraft:killed":{"zombie_extreme:crawler":1,"minecraft:husk":4,"undead_revamp2:the_moonflower":3,"undead_revamp2:thesmoker":3,"minecraft:sheep":2,"minecraft:zombie":27,"zombie_extreme:runner":2},"minecraft:dropped":{"minecraft:cobblestone":4,"minecraft:rotten_flesh":20,"farmersdelight:rice":16,"minecraft:shield":1,"minecraft:spruce_planks":2,"minecraft:wooden_pickaxe":1,"ftbquests:book":1,"immersiveengineering:seed":1},"minecraft:crafted":{"minecraft:wooden_sword":1,"minecraft:crafting_table":1,"minecraft:spruce_planks":108,"minecraft:wooden_pickaxe":2,"minecraft:air":57,"minecraft:shield":1,"minecraft:stick":12,"minecraft:stone_sword":2,"minecraft:torch":6},"minecraft:used":{"farmersdelight:kelp_roll_slice":6,"apocalypsenow:hand_axe":2,"minecraft:stone_sword":94,"minecraft:stone_pickaxe":58,"minecraft:shield":26,"minecraft:spruce_planks":68,"minecraft:wooden_pickaxe":47,"minecraft:torch":11,"minecraft:dirt":13,"minecraft:crafting_table":6,"farmersdelight:carrot_crate":1,"another_furniture:green_stool":1,"minecraft:spruce_log":7,"farmersdelight:apple_cider":3,"apocalypsenow:construction_leggings":1,"minecraft:stone_axe":30,"apocalypsenow:dagger":6,"minecraft:wooden_sword":15,"minecraft:potion":5,"farmersdelight:hamburger":2,"minecraft:iron_leggings":1},"minecraft:killed_by":{"undead_revamp2:the_moonflower":2,"minecraft:zombie":1,"undead_revamp2:thesmoker":1,"undead_revamp2:thepregnant":1,"mutationcraft:human_herder":1},"minecraft:broken":{"minecraft:stone_axe":1},"minecraft:picked_up":{"tac:round45":3,"minecraft:brown_mushroom":1,"apocalypsenow:blue_football_armor_helmet":1,"minecraft:oak_log":1,"minecraft:shield":1,"farmersdelight:carrot_crate":1,"minecraft:string":38,"minecraft:dirt":30,"embellishcraft:gneiss_large_bricks_wall":1,"minecraft:bone":32,"apocalypsenow:construction_leggings":1,"another_furniture:green_stool":2,"apocalypsenow:human_flesh":6,"apocalypsenow:money":1,"minecraft:spruce_planks":13,"minecraft:iron_ingot":1,"tac:9mm_round":8,"minecraft:book":21,"minecraft:stick":34,"minecraft:raw_iron":1,"refinedstorage:16k_storage_part":2,"minecraft:sweet_berries":16,"tac:m4":1,"minecraft:torch":5,"minecraft:bowl":1,"immersiveengineering:raw_aluminum":3,"minecraft:spruce_sapling":25,"apocalypsenow:glassbottle":3,"minecraft:spruce_log":295,"minecraft:rotten_flesh":49,"embellishcraft:steel_door":1,"immersiveengineering:seed":2,"createaddition:barbed_wire":1,"minecraft:oak_sapling":3,"minecraft:mutton":2,"minecraft:coal":20,"minecraft:white_wool":2,"minecraft:cobblestone":41},"minecraft:custom":{"lootr:looted_stat":19,"minecraft:mob_kills":42,"minecraft:toilet_used":3,"minecraft:interact_with_crafting_table":13,"minecraft:microwave_used":1,"minecraft:stove_opened":1,"minecraft:trashcan_opened":1,"minecraft:time_since_death":14495,"minecraft:sleep_in_bed":2,"minecraft:climb_one_cm":7258,"minecraft:time_since_rest":6727,"minecraft:sprint_one_cm":150054,"minecraft:damage_taken":1914,"minecraft:walk_one_cm":608905,"minecraft:damage_blocked_by_shield":621,"minecraft:drop":11,"minecraft:damage_dealt":4019,"minecraft:swim_one_cm":3496,"minecraft:fly_one_cm":102334,"minecraft:freezer_opened":4,"minecraft:player_kills":1,"minecraft:crouch_one_cm":4143,"minecraft:play_time":107712,"minecraft:deaths":7,"minecraft:sneak_time":1563,"minecraft:walk_under_water_one_cm":829,"minecraft:interact_with_brewingstand":2,"minecraft:jump":1105,"minecraft:walk_on_water_one_cm":2668,"minecraft:total_world_time":107712,"minecraft:fall_one_cm":16579},"minecraft:mined":{"minecraft:podzol":3,"quark:dark_oak_bookshelf":6,"rocks:pinecone":1,"minecraft:spruce_planks":11,"minecraft:brown_mushroom":1,"minecraft:crafting_table":1,"minecraft:torch":1,"minecraft:grass_block":9,"farmersdelight:carrot_crate":1,"embellishcraft:gneiss_large_bricks_wall":1,"minecraft:spruce_leaves":7,"minecraft:wall_torch":3,"minecraft:spawner":12,"minecraft:large_fern":1,"minecraft:birch_planks":1,"quark:birch_bookshelf":1,"minecraft:spruce_sapling":2,"minecraft:iron_ore":1,"minecraft:sweet_berry_bush":1,"minecraft:spruce_log":27,"minecraft:smooth_stone_slab":7,"minecraft:grass":1,"minecraft:coal_ore":20,"minecraft:dirt":16,"minecraft:cobweb":13,"minecraft:stone":44,"immersiveengineering:ore_aluminum":3,"minecraft:oak_leaves":22}},"DataVersion":2975}