{"stats":{"minecraft:killed":{"zombie_extreme:crawler":1,"minecraft:husk":4,"undead_revamp2:the_moonflower":2,"undead_revamp2:thesmoker":2,"minecraft:sheep":2,"minecraft:zombie":5,"zombie_extreme:runner":2},"minecraft:dropped":{"minecraft:rotten_flesh":3,"farmersdelight:rice":16},"minecraft:crafted":{"minecraft:wooden_sword":1,"minecraft:spruce_planks":44,"minecraft:wooden_pickaxe":1,"minecraft:air":53,"minecraft:stick":4,"minecraft:stone_sword":1,"minecraft:torch":6},"minecraft:used":{"farmersdelight:kelp_roll_slice":6,"minecraft:stone_sword":23,"minecraft:stone_pickaxe":30,"minecraft:spruce_planks":37,"minecraft:wooden_pickaxe":25,"minecraft:torch":5,"minecraft:dirt":13,"minecraft:crafting_table":3,"another_furniture:green_stool":1,"minecraft:spruce_log":7,"farmersdelight:apple_cider":3,"apocalypsenow:construction_leggings":1,"minecraft:stone_axe":21,"minecraft:wooden_sword":15},"minecraft:killed_by":{"undead_revamp2:the_moonflower":1,"minecraft:zombie":1,"undead_revamp2:thepregnant":1},"minecraft:broken":{"minecraft:stone_axe":1},"minecraft:picked_up":{"tac:round45":3,"minecraft:brown_mushroom":1,"apocalypsenow:blue_football_armor_helmet":1,"minecraft:oak_log":1,"minecraft:string":19,"minecraft:dirt":20,"embellishcraft:gneiss_large_bricks_wall":1,"minecraft:bone":18,"apocalypsenow:construction_leggings":1,"another_furniture:green_stool":2,"apocalypsenow:human_flesh":6,"minecraft:spruce_planks":5,"minecraft:iron_ingot":1,"tac:9mm_round":6,"minecraft:book":21,"minecraft:stick":25,"minecraft:raw_iron":1,"refinedstorage:16k_storage_part":2,"minecraft:torch":1,"minecraft:bowl":1,"minecraft:spruce_sapling":19,"apocalypsenow:glassbottle":3,"minecraft:spruce_log":233,"minecraft:rotten_flesh":29,"embellishcraft:steel_door":1,"immersiveengineering:seed":1,"createaddition:barbed_wire":1,"minecraft:oak_sapling":3,"minecraft:mutton":2,"minecraft:coal":13,"minecraft:white_wool":2,"minecraft:cobblestone":29},"minecraft:custom":{"lootr:looted_stat":8,"minecraft:mob_kills":17,"minecraft:toilet_used":2,"minecraft:interact_with_crafting_table":8,"minecraft:stove_opened":1,"minecraft:time_since_death":32409,"minecraft:sleep_in_bed":1,"minecraft:climb_one_cm":6566,"minecraft:time_since_rest":32452,"minecraft:sprint_one_cm":114189,"minecraft:damage_taken":1136,"minecraft:walk_one_cm":307073,"minecraft:drop":2,"minecraft:damage_dealt":1745,"minecraft:fly_one_cm":80065,"minecraft:freezer_opened":1,"minecraft:player_kills":1,"minecraft:crouch_one_cm":2236,"minecraft:play_time":59712,"minecraft:deaths":4,"minecraft:sneak_time":573,"minecraft:walk_under_water_one_cm":460,"minecraft:jump":772,"minecraft:walk_on_water_one_cm":1205,"minecraft:total_world_time":59712,"minecraft:fall_one_cm":12594},"minecraft:mined":{"quark:dark_oak_bookshelf":6,"minecraft:spruce_planks":5,"minecraft:brown_mushroom":1,"minecraft:grass_block":8,"embellishcraft:gneiss_large_bricks_wall":1,"minecraft:spruce_leaves":7,"minecraft:wall_torch":1,"minecraft:spawner":4,"quark:birch_bookshelf":1,"minecraft:spruce_sapling":1,"minecraft:iron_ore":1,"minecraft:spruce_log":24,"minecraft:coal_ore":13,"minecraft:dirt":10,"minecraft:cobweb":2,"minecraft:stone":31,"minecraft:oak_leaves":21}},"DataVersion":2975}