{"stats":{"minecraft:killed":{"zombie_extreme:crawler":1,"minecraft:husk":4,"undead_revamp2:the_moonflower":3,"undead_revamp2:thesmoker":3,"minecraft:sheep":2,"minecraft:zombie":33,"zombie_extreme:runner":2},"minecraft:dropped":{"minecraft:stone_sword":1,"minecraft:glass_bottle":2,"minecraft:cobblestone":4,"minecraft:rotten_flesh":20,"minecraft:glowstone_dust":2,"farmersdelight:rice":16,"minecraft:dirt":10,"minecraft:shield":1,"minecraft:spruce_planks":13,"artifacts:cross_necklace":1,"minecraft:wooden_pickaxe":1,"ftbquests:book":1,"immersiveengineering:seed":1},"minecraft:crafted":{"minecraft:wooden_sword":1,"minecraft:crafting_table":1,"minecraft:spruce_planks":108,"minecraft:wooden_pickaxe":2,"minecraft:air":58,"minecraft:shield":1,"minecraft:stick":12,"minecraft:stone_sword":2,"minecraft:torch":6},"minecraft:used":{"farmersdelight:kelp_roll_slice":6,"apocalypsenow:hand_axe":2,"minecraft:stone_sword":108,"minecraft:stone_pickaxe":60,"minecraft:shield":31,"minecraft:spruce_planks":72,"minecraft:wooden_pickaxe":47,"minecraft:torch":11,"minecraft:dirt":13,"minecraft:crafting_table":6,"farmersdelight:carrot_crate":1,"another_furniture:green_stool":1,"minecraft:spruce_log":7,"farmersdelight:apple_cider":3,"apocalypsenow:construction_leggings":1,"minecraft:stone_axe":30,"apocalypsenow:dagger":6,"minecraft:wooden_sword":15,"minecraft:potion":15,"farmersdelight:hamburger":4,"minecraft:iron_leggings":1},"minecraft:killed_by":{"minecraft:player":1,"undead_revamp2:the_moonflower":2,"minecraft:zombie":1,"undead_revamp2:thesmoker":1,"undead_revamp2:thepregnant":1,"mutationcraft:human_herder":1},"minecraft:broken":{"minecraft:stone_axe":1},"minecraft:picked_up":{"apocalypsenow:hand_axe":1,"tac:round45":3,"minecraft:crafting_table":1,"artifacts:digging_claws":1,"minecraft:brown_mushroom":1,"apocalypsenow:blue_football_armor_helmet":1,"create:bar_of_chocolate":6,"minecraft:oak_log":1,"minecraft:shield":2,"farmersdelight:carrot_crate":1,"minecraft:string":65,"minecraft:dirt":40,"artifacts:power_glove":1,"embellishcraft:gneiss_large_bricks_wall":1,"create:sweet_roll":4,"minecraft:iron_leggings":1,"minecraft:bone":62,"artifacts:fire_gauntlet":1,"apocalypsenow:construction_leggings":1,"another_furniture:green_stool":2,"apocalypsenow:human_flesh":7,"apocalypsenow:beer":3,"farmersdelight:apple_cider":4,"apocalypsenow:money":1,"minecraft:spruce_planks":24,"minecraft:iron_ingot":27,"minecraft:stone_pickaxe":1,"artifacts:kitty_slippers":1,"apocalypsenow:cloth":40,"minecraft:glowstone_dust":4,"minecraft:glass_bottle":2,"tac:9mm_round":8,"minecraft:iron_sword":1,"minecraft:book":21,"firstaid:plaster":28,"apocalypsenow:canned_carrot":2,"minecraft:stick":58,"minecraft:raw_iron":1,"refinedstorage:16k_storage_part":2,"minecraft:sweet_berries":16,"tac:m4":2,"minecraft:torch":70,"minecraft:bowl":1,"immersiveengineering:raw_aluminum":6,"minecraft:spruce_sapling":25,"apocalypsenow:glassbottle":3,"minecraft:spruce_log":359,"apocalypsenow:dagger":1,"apocalypsenow:coke":4,"artifacts:snorkel":1,"minecraft:stone_sword":1,"minecraft:rotten_flesh":72,"embellishcraft:steel_door":1,"minecraft:diamond":14,"immersiveengineering:seed":2,"artifacts:villager_hat":1,"minecraft:stone_axe":1,"createaddition:barbed_wire":1,"farmersdelight:hamburger":1,"artifacts:cross_necklace":2,"minecraft:gold_ingot":64,"firstaid:bandage":13,"minecraft:oak_sapling":3,"farmersdelight:melon_juice":2,"minecraft:mutton":2,"minecraft:coal":27,"minecraft:white_wool":2,"minecraft:cobblestone":41},"minecraft:custom":{"lootr:looted_stat":22,"minecraft:mob_kills":49,"minecraft:toilet_used":3,"minecraft:interact_with_crafting_table":13,"minecraft:open_barrel":3,"minecraft:microwave_used":1,"minecraft:stove_opened":1,"minecraft:trashcan_opened":1,"minecraft:time_since_death":6295,"minecraft:sleep_in_bed":2,"minecraft:climb_one_cm":7258,"minecraft:time_since_rest":6342,"minecraft:sprint_one_cm":152389,"minecraft:damage_taken":2444,"minecraft:walk_one_cm":676799,"minecraft:damage_blocked_by_shield":621,"minecraft:drop":17,"minecraft:damage_dealt":4510,"minecraft:swim_one_cm":3496,"minecraft:fly_one_cm":103652,"minecraft:freezer_opened":4,"minecraft:player_kills":1,"minecraft:crouch_one_cm":4143,"minecraft:play_time":119712,"minecraft:deaths":8,"minecraft:sneak_time":1564,"minecraft:walk_under_water_one_cm":1852,"minecraft:interact_with_brewingstand":2,"minecraft:jump":1146,"minecraft:walk_on_water_one_cm":3293,"minecraft:total_world_time":119712,"minecraft:fall_one_cm":17530},"minecraft:mined":{"minecraft:podzol":3,"quark:dark_oak_bookshelf":6,"rocks:pinecone":1,"minecraft:spruce_planks":11,"minecraft:brown_mushroom":1,"minecraft:crafting_table":1,"minecraft:torch":1,"minecraft:grass_block":9,"farmersdelight:carrot_crate":1,"embellishcraft:gneiss_large_bricks_wall":1,"minecraft:spruce_leaves":7,"minecraft:wall_torch":3,"minecraft:spawner":14,"minecraft:large_fern":1,"minecraft:birch_planks":1,"quark:birch_bookshelf":1,"minecraft:spruce_sapling":2,"minecraft:iron_ore":1,"minecraft:sweet_berry_bush":1,"minecraft:spruce_log":27,"minecraft:smooth_stone_slab":7,"minecraft:grass":1,"minecraft:coal_ore":20,"minecraft:dirt":16,"minecraft:cobweb":13,"minecraft:stone":44,"immersiveengineering:ore_aluminum":3,"minecraft:oak_leaves":22}},"DataVersion":2975}