{"stats":{"minecraft:killed":{"minecraft:zombie":4,"undead_revamp2:thepregnant":1,"zombie_extreme:runner":1},"minecraft:crafted":{"minecraft:wooden_axe":1,"minecraft:air":30},"minecraft:used":{"minecraft:wooden_axe":30,"pfm:oak_brown_simple_bed":2,"minecraft:spruce_planks":3,"minecraft:wooden_pickaxe":6,"minecraft:torch":2,"minecraft:crafting_table":1},"minecraft:picked_up":{"minecraft:sweet_berries":2,"minecraft:torch":1,"minecraft:potato":1,"minecraft:brewing_stand":1,"minecraft:spruce_log":6,"apocalypsenow:construction_chestplate":1,"quark:oak_leaf_carpet":1,"minecraft:string":8,"minecraft:bone":6,"minecraft:rotten_flesh":8,"pfm:oak_brown_simple_bed":2,"minecraft:spruce_planks":1,"minecraft:furnace":1},"minecraft:custom":{"minecraft:time_since_rest":2998,"lootr:looted_stat":1,"minecraft:sprint_one_cm":30954,"minecraft:damage_taken":178,"minecraft:walk_one_cm":64187,"minecraft:mob_kills":6,"minecraft:damage_dealt":1383,"minecraft:interact_with_crafting_table":2,"minecraft:fly_one_cm":12506,"minecraft:play_time":9632,"minecraft:jump":88,"minecraft:walk_on_water_one_cm":258,"minecraft:time_since_death":9632,"minecraft:sleep_in_bed":1,"minecraft:climb_one_cm":3532,"minecraft:total_world_time":9632,"minecraft:fall_one_cm":902},"minecraft:mined":{"minecraft:dark_oak_planks":1,"minecraft:spruce_planks":1,"minecraft:furnace":1,"create:vertical_framed_glass":2,"minecraft:spruce_log":3,"quark:oak_leaf_carpet":1,"minecraft:brewing_stand":1,"pfm:oak_brown_simple_bed":2,"create:dark_oak_window_pane":1,"minecraft:wall_torch":1,"minecraft:spawner":3}},"DataVersion":2975}