{"stats":{"minecraft:killed":{"minecraft:zombie":4,"undead_revamp2:thepregnant":1,"zombie_extreme:runner":1},"minecraft:crafted":{"minecraft:wooden_pickaxe":1,"minecraft:wooden_axe":1,"minecraft:air":68},"minecraft:dropped":{"apocalypsenow:human_flesh":1,"minecraft:sweet_berries":3},"minecraft:used":{"minecraft:wooden_axe":35,"pfm:oak_brown_simple_bed":2,"refinedstorage:cable":1,"minecraft:wooden_pickaxe":23,"minecraft:spruce_planks":3,"minecraft:torch":3,"minecraft:dirt":1,"minecraft:potion":2,"minecraft:crafting_table":2,"pipez:energy_pipe":1,"pfm:oak_gray_simple_bed":1},"minecraft:killed_by":{"undead_revamp2:the_moonflower":2},"minecraft:broken":{"minecraft:wooden_axe":1},"minecraft:picked_up":{"minecraft:feather":2,"minecraft:chicken":1,"minecraft:sweet_berries":5,"minecraft:torch":2,"minecraft:potato":1,"minecraft:birch_planks":1,"minecraft:oak_log":7,"minecraft:brewing_stand":1,"minecraft:spruce_log":6,"apocalypsenow:construction_chestplate":1,"quark:oak_leaf_carpet":1,"minecraft:dirt":1,"minecraft:string":8,"pfm:oak_gray_simple_bed":3,"pipez:energy_pipe":1,"minecraft:bone":6,"minecraft:rotten_flesh":8,"minecraft:smooth_stone":1,"apocalypsenow:human_flesh":3,"pfm:oak_brown_simple_bed":2,"minecraft:spruce_planks":1,"refinedstorage:cable":1,"minecraft:smooth_quartz":6,"quark:gray_shard":5,"minecraft:oak_sapling":1,"minecraft:furnace":1},"minecraft:custom":{"minecraft:time_since_rest":9345,"lootr:looted_stat":7,"minecraft:sprint_one_cm":62931,"minecraft:damage_taken":858,"minecraft:walk_one_cm":150482,"minecraft:mob_kills":8,"minecraft:fridge_opened":1,"minecraft:drop":4,"minecraft:damage_dealt":1700,"minecraft:interact_with_crafting_table":3,"minecraft:freezer_opened":1,"minecraft:fly_one_cm":29178,"minecraft:play_time":22331,"minecraft:crouch_one_cm":32,"minecraft:stove_opened":3,"minecraft:deaths":2,"minecraft:sneak_time":26,"minecraft:walk_under_water_one_cm":86,"minecraft:jump":231,"minecraft:drawer_searched":1,"minecraft:leave_game":2,"minecraft:time_since_death":9316,"minecraft:walk_on_water_one_cm":512,"minecraft:sleep_in_bed":1,"minecraft:total_world_time":22331,"minecraft:climb_one_cm":7525,"minecraft:fall_one_cm":5051},"minecraft:mined":{"minecraft:dark_oak_planks":1,"minecraft:smooth_stone":1,"minecraft:birch_planks":1,"minecraft:black_stained_glass_pane":2,"minecraft:spruce_planks":1,"minecraft:furnace":1,"create:vertical_framed_glass":2,"pipez:energy_pipe":1,"minecraft:spruce_log":3,"quark:oak_leaf_carpet":1,"minecraft:brewing_stand":1,"minecraft:torch":1,"minecraft:grass_block":1,"minecraft:oak_log":7,"minecraft:gray_stained_glass":2,"minecraft:smooth_quartz":6,"pfm:oak_gray_simple_bed":4,"pfm:oak_brown_simple_bed":2,"create:dark_oak_window_pane":3,"minecraft:wall_torch":1,"minecraft:spawner":7}},"DataVersion":2975}